Workbook

Sheet PriceData
A1: Date | B1: AAPL | C1: MSFT | D1: GOOGL | E1: AMZN | F1: JPM | G1: BAC | H1: JNJ | I1: UNH | J1: XOM | K1: CVX | L1: PG | M1: KO | N1: NEE | O1: DUK | P1: AMT | Q1: PLD | R1: CAT | S1: HON
A2: 44256 | B2: 118.9736 | C2: 226.2354 | D2: 102.3527 | E2: 154.704 | F2: 134.0578 | G2: 34.2884 | H2: 143.4774 | I2: 342.951 | J2: 46.0981 | K2: 85.0937 | L2: 119.3778 | M2: 45.3489 | N2: 66.8841 | O2: 79.4995 | P2: 206.4244 | Q2: 92.1463 | R2: 211.4677 | S2: 185.5713
A3: 44287 | B3: 128.0415 | C3: 241.9817 | D3: 116.7925 | E3: 173.371 | F3: 135.4492 | G3: 36.0975 | H3: 142.0631 | I3: 368.8948 | J3: 47.2623 | K3: 83.697 | L3: 117.606 | M3: 46.8281 | N3: 68.5648 | O3: 82.9256 | P3: 219.9897 | Q3: 101.929 | R3: 208.0385 | S3: 190.675
A4: 44317 | B4: 121.3696 | C4: 239.5828 | D4: 116.9588 | E4: 161.1535 | F4: 145.486 | G4: 37.7541 | H4: 147.755 | I4: 381.0311 | J4: 48.1953 | K4: 84.2817 | L4: 119.627 | M4: 47.9646 | N4: 64.7699 | O4: 82.5385 | P4: 221.7293 | Q4: 103.0749 | R4: 220.8611 | S4: 197.4029
A5: 44348 | B5: 133.625 | C5: 260.545 | D5: 121.174 | E5: 172.008 | F5: 137.7794 | G5: 36.721 | H5: 144.7151 | I5: 370.4119 | J5: 52.8431 | K5: 86.0942 | L5: 119.698 | M5: 46.9409 | N5: 64.823 | O5: 82.0858 | P5: 234.471 | Q5: 104.5531 | R5: 199.3778 | S5: 188.3163
A6: 44378 | B6: 142.3083 | C6: 274.0194 | D6: 133.7162 | E6: 166.3795 | F6: 134.4487 | G6: 34.3087 | H6: 151.2683 | I6: 382.7052 | J6: 48.2272 | K6: 83.6858 | L6: 126.174 | M6: 49.8468 | N6: 69.274 | O6: 87.399 | P6: 246.6345 | Q6: 112.5589 | R6: 189.4103 | S6: 200.7133
A7: 44409 | B7: 148.1329 | C7: 290.3408 | D7: 143.6124 | E7: 173.5395 | F7: 142.5023 | G7: 37.3406 | H7: 152.0853 | I7: 386.4651 | J7: 45.6722 | K7: 79.543 | L7: 127.1103 | M7: 49.2175 | N7: 74.6897 | O7: 87.0249 | P7: 254.8062 | Q7: 118.3785 | R7: 194.2215 | S7: 199.0993
A8: 44440 | B8: 138.2613 | C8: 271.6628 | D8: 132.6736 | E8: 164.252 | F8: 145.8343 | G8: 37.9667 | H8: 142.712 | I8: 362.763 | J8: 50.0202 | K8: 84.5142 | L8: 124.7983 | M8: 45.8612 | N8: 70.1449 | O8: 81.8991 | P8: 231.4684 | Q8: 110.2645 | R8: 176.8137 | S8: 182.9732
A9: 44470 | B9: 146.3713 | C9: 319.5546 | D9: 146.9358 | E9: 168.6215 | F9: 151.358 | G9: 42.9528 | H9: 143.9314 | I9: 429.001 | J9: 54.8249 | K9: 95.3773 | L9: 127.6459 | M9: 49.6418 | N9: 76.2285 | O9: 85.6085 | P9: 247.0576 | Q9: 128.0384 | R9: 187.9031 | S9: 188.4379
A10: 44501 | B10: 161.5166 | C10: 318.562 | D10: 140.8334 | E10: 175.3535 | F10: 142.3571 | G10: 39.9772 | H10: 137.7899 | I10: 413.8615 | J10: 50.8876 | K10: 94.0278 | L10: 129.8654 | M10: 46.1897 | N10: 77.5238 | O10: 81.4124 | P10: 229.9808 | Q10: 133.1524 | R10: 179.068 | S10: 174.3194
A11: 44531 | B11: 173.759 | C11: 324.6765 | D11: 143.7657 | E11: 166.717 | F11: 141.927 | G11: 39.9952 | H11: 152.1588 | I11: 467.8232 | J11: 52.7349 | K11: 98.8898 | L11: 146.9317 | M11: 52.5472 | N11: 83.7714 | O11: 88.8925 | P11: 256.2838 | Q11: 148.7067 | R11: 191.4689 | S11: 180.5004
A12: 44562 | B12: 171.0288 | C12: 300.2138 | D12: 134.2889 | E12: 149.5735 | F12: 133.1882 | G12: 41.6781 | H12: 153.244 | I12: 441.71 | J12: 65.4641 | K12: 110.6706 | L12: 144.1202 | M12: 54.1446 | N12: 70.0966 | O12: 89.0281 | P12: 221.4548 | Q12: 139.0646 | R12: 186.6716 | S12: 177.0118
A13: 44593 | B13: 161.5762 | C13: 288.4458 | D13: 134.0442 | E13: 153.563 | F13: 127.8552 | G13: 39.9257 | H13: 146.3774 | I13: 444.7945 | J13: 67.5842 | K13: 121.3475 | L13: 140.7804 | M13: 55.2362 | N13: 70.2312 | O13: 85.0877 | P13: 199.7671 | Q13: 129.3367 | R13: 174.5672 | S13: 164.2605
... A61: 46054 | B61: 266.18 | C61: 384.47 | D61: 311.49 | E61: 205.27 | F61: 297.67 | G61: 51.07 | H61: 245.84 | I61: 282.34 | J61: 150.76 | K61: 184.91 | L61: 165.17 | M61: 80.56 | N61: 94.06 | O61: 127.79 | P61: 190.05 | Q61: 140.74 | R61: 756.47 | S61: 243.06

Sheet Monthly Returns
A1: Date | B1: AAPL | C1: MSFT | D1: GOOGL | E1: AMZN | F1: JPM | G1: BAC | H1: JNJ | I1: UNH | J1: XOM | K1: CVX | L1: PG | M1: KO | N1: NEE | O1: DUK | P1: AMT | Q1: PLD | R1: CAT | S1: HON
A2: 44256
A3: 44287 | B3: =(PriceData!B3-PriceData!B2)/PriceData!B2 -> 0.076217749 | C3: =(PriceData!C3-PriceData!C2)/PriceData!C2 -> 0.069601397 | D3: =(PriceData!D3-PriceData!D2)/PriceData!D2 -> 0.14107884 | E3: =(PriceData!E3-PriceData!E2)/PriceData!E2 -> 0.12066268 | F3: =(PriceData!F3-PriceData!F2)/PriceData!F2 -> 0.010379105 | G3: =(PriceData!G3-PriceData!G2)/PriceData!G2 -> 0.052761284 | H3: =(PriceData!H3-PriceData!H2)/PriceData!H2 -> -0.0098573016 | I3: =(PriceData!I3-PriceData!I2)/PriceData!I2 -> 0.075648708 | ... S3: =(PriceData!S3-PriceData!S2)/PriceData!S2 -> 0.027502636
A4: 44317 | B4: =(PriceData!B4-PriceData!B3)/PriceData!B3 -> -0.052107325 | C4: =(PriceData!C4-PriceData!C3)/PriceData!C3 -> -0.0099135596 | D4: =(PriceData!D4-PriceData!D3)/PriceData!D3 -> 0.0014238928 | E4: =(PriceData!E4-PriceData!E3)/PriceData!E3 -> -0.070470263 | F4: =(PriceData!F4-PriceData!F3)/PriceData!F3 -> 0.074100105 | G4: =(PriceData!G4-PriceData!G3)/PriceData!G3 -> 0.045892375 | H4: =(PriceData!H4-PriceData!H3)/PriceData!H3 -> 0.040065999 | I4: =(PriceData!I4-PriceData!I3)/PriceData!I3 -> 0.032899081 | ... S4: =(PriceData!S4-PriceData!S3)/PriceData!S3 -> 0.035284647
A5: 44348 | B5: =(PriceData!B5-PriceData!B4)/PriceData!B4 -> 0.10097586 | C5: =(PriceData!C5-PriceData!C4)/PriceData!C4 -> 0.087494595 | D5: =(PriceData!D5-PriceData!D4)/PriceData!D4 -> 0.036040041 | E5: =(PriceData!E5-PriceData!E4)/PriceData!E4 -> 0.067355037 | F5: =(PriceData!F5-PriceData!F4)/PriceData!F4 -> -0.05297142 | G5: =(PriceData!G5-PriceData!G4)/PriceData!G4 -> -0.027363915 | H5: =(PriceData!H5-PriceData!H4)/PriceData!H4 -> -0.020573923 | I5: =(PriceData!I5-PriceData!I4)/PriceData!I4 -> -0.027869641 | ... S5: =(PriceData!S5-PriceData!S4)/PriceData!S4 -> -0.046030732
A6: 44378 | B6: =(PriceData!B6-PriceData!B5)/PriceData!B5 -> 0.064982601 | C6: =(PriceData!C6-PriceData!C5)/PriceData!C5 -> 0.05171621 | D6: =(PriceData!D6-PriceData!D5)/PriceData!D5 -> 0.1035057 | E6: =(PriceData!E6-PriceData!E5)/PriceData!E5 -> -0.032722315 | F6: =(PriceData!F6-PriceData!F5)/PriceData!F5 -> -0.024174151 | G6: =(PriceData!G6-PriceData!G5)/PriceData!G5 -> -0.065692655 | H6: =(PriceData!H6-PriceData!H5)/PriceData!H5 -> 0.045283457 | I6: =(PriceData!I6-PriceData!I5)/PriceData!I5 -> 0.033188189 | ... S6: =(PriceData!S6-PriceData!S5)/PriceData!S5 -> 0.065830733
A7: 44409 | B7: =(PriceData!B7-PriceData!B6)/PriceData!B6 -> 0.040929447 | C7: =(PriceData!C7-PriceData!C6)/PriceData!C6 -> 0.059562936 | D7: =(PriceData!D7-PriceData!D6)/PriceData!D6 -> 0.074008983 | E7: =(PriceData!E7-PriceData!E6)/PriceData!E6 -> 0.043034148 | F7: =(PriceData!F7-PriceData!F6)/PriceData!F6 -> 0.059900914 | G7: =(PriceData!G7-PriceData!G6)/PriceData!G6 -> 0.088371171 | H7: =(PriceData!H7-PriceData!H6)/PriceData!H6 -> 0.0054009994 | I7: =(PriceData!I7-PriceData!I6)/PriceData!I6 -> 0.0098245333 | ... S7: =(PriceData!S7-PriceData!S6)/PriceData!S6 -> -0.0080413206
A8: 44440 | B8: =(PriceData!B8-PriceData!B7)/PriceData!B7 -> -0.066640159 | C8: =(PriceData!C8-PriceData!C7)/PriceData!C7 -> -0.064331296 | D8: =(PriceData!D8-PriceData!D7)/PriceData!D7 -> -0.07616891 | E8: =(PriceData!E8-PriceData!E7)/PriceData!E7 -> -0.053518075 | F8: =(PriceData!F8-PriceData!F7)/PriceData!F7 -> 0.023382079 | G8: =(PriceData!G8-PriceData!G7)/PriceData!G7 -> 0.016767272 | H8: =(PriceData!H8-PriceData!H7)/PriceData!H7 -> -0.061631861 | I8: =(PriceData!I8-PriceData!I7)/PriceData!I7 -> -0.061330506 | ... S8: =(PriceData!S8-PriceData!S7)/PriceData!S7 -> -0.080995262
A9: 44470 | B9: =(PriceData!B9-PriceData!B8)/PriceData!B8 -> 0.05865705 | C9: =(PriceData!C9-PriceData!C8)/PriceData!C8 -> 0.17629134 | D9: =(PriceData!D9-PriceData!D8)/PriceData!D8 -> 0.1074984 | E9: =(PriceData!E9-PriceData!E8)/PriceData!E8 -> 0.026602416 | F9: =(PriceData!F9-PriceData!F8)/PriceData!F8 -> 0.037876549 | G9: =(PriceData!G9-PriceData!G8)/PriceData!G8 -> 0.13132824 | H9: =(PriceData!H9-PriceData!H8)/PriceData!H8 -> 0.0085444812 | I9: =(PriceData!I9-PriceData!I8)/PriceData!I8 -> 0.18259304 | ... S9: =(PriceData!S9-PriceData!S8)/PriceData!S8 -> 0.029866122
A10: 44501 | B10: =(PriceData!B10-PriceData!B9)/PriceData!B9 -> 0.10347179 | C10: =(PriceData!C10-PriceData!C9)/PriceData!C9 -> -0.0031061984 | D10: =(PriceData!D10-PriceData!D9)/PriceData!D9 -> -0.041531063 | E10: =(PriceData!E10-PriceData!E9)/PriceData!E9 -> 0.039923735 | F10: =(PriceData!F10-PriceData!F9)/PriceData!F9 -> -0.05946762 | G10: =(PriceData!G10-PriceData!G9)/PriceData!G9 -> -0.069276043 | H10: =(PriceData!H10-PriceData!H9)/PriceData!H9 -> -0.042669633 | I10: =(PriceData!I10-PriceData!I9)/PriceData!I9 -> -0.035290128 | ... S10: =(PriceData!S10-PriceData!S9)/PriceData!S9 -> -0.074923887
A11: 44531 | B11: =(PriceData!B11-PriceData!B10)/PriceData!B10 -> 0.075796544 | C11: =(PriceData!C11-PriceData!C10)/PriceData!C10 -> 0.019194066 | D11: =(PriceData!D11-PriceData!D10)/PriceData!D10 -> 0.020821055 | E11: =(PriceData!E11-PriceData!E10)/PriceData!E10 -> -0.04925194 | F11: =(PriceData!F11-PriceData!F10)/PriceData!F10 -> -0.0030212754 | G11: =(PriceData!G11-PriceData!G10)/PriceData!G10 -> 0.00045025665 | H11: =(PriceData!H11-PriceData!H10)/PriceData!H10 -> 0.10428123 | I11: =(PriceData!I11-PriceData!I10)/PriceData!I10 -> 0.13038589 | ... S11: =(PriceData!S11-PriceData!S10)/PriceData!S10 -> 0.035457901
A12: 44562 | B12: =(PriceData!B12-PriceData!B11)/PriceData!B11 -> -0.015712567 | C12: =(PriceData!C12-PriceData!C11)/PriceData!C11 -> -0.075344843 | D12: =(PriceData!D12-PriceData!D11)/PriceData!D11 -> -0.065918366 | E12: =(PriceData!E12-PriceData!E11)/PriceData!E11 -> -0.10282995 | F12: =(PriceData!F12-PriceData!F11)/PriceData!F11 -> -0.061572499 | G12: =(PriceData!G12-PriceData!G11)/PriceData!G11 -> 0.042077549 | H12: =(PriceData!H12-PriceData!H11)/PriceData!H11 -> 0.0071320226 | I12: =(PriceData!I12-PriceData!I11)/PriceData!I11 -> -0.055818523 | ... S12: =(PriceData!S12-PriceData!S11)/PriceData!S11 -> -0.019327381
A13: 44593 | B13: =(PriceData!B13-PriceData!B12)/PriceData!B12 -> -0.055269054 | C13: =(PriceData!C13-PriceData!C12)/PriceData!C12 -> -0.039198731 | D13: =(PriceData!D13-PriceData!D12)/PriceData!D12 -> -0.0018221908 | E13: =(PriceData!E13-PriceData!E12)/PriceData!E12 -> 0.026672505 | F13: =(PriceData!F13-PriceData!F12)/PriceData!F12 -> -0.040041085 | G13: =(PriceData!G13-PriceData!G12)/PriceData!G12 -> -0.042046063 | H13: =(PriceData!H13-PriceData!H12)/PriceData!H12 -> -0.04480828 | I13: =(PriceData!I13-PriceData!I12)/PriceData!I12 -> 0.0069830885 | ... S13: =(PriceData!S13-PriceData!S12)/PriceData!S12 -> -0.072036441
A14: 44621 | B14: =(PriceData!B14-PriceData!B13)/PriceData!B13 -> 0.058820544 | C14: =(PriceData!C14-PriceData!C13)/PriceData!C13 -> 0.033995295 | D14: =(PriceData!D14-PriceData!D13)/PriceData!D13 -> 0.029694683 | E14: =(PriceData!E14-PriceData!E13)/PriceData!E13 -> 0.061437325 | F14: =(PriceData!F14-PriceData!F13)/PriceData!F13 -> -0.03864528 | G14: =(PriceData!G14-PriceData!G13)/PriceData!G13 -> -0.067420233 | H14: =(PriceData!H14-PriceData!H13)/PriceData!H13 -> 0.083840811 | I14: =(PriceData!I14-PriceData!I13)/PriceData!I13 -> 0.07165826 | ... S14: =(PriceData!S14-PriceData!S13)/PriceData!S13 -> 0.031100599
... A61: 46054 | B61: =(PriceData!B61-PriceData!B60)/PriceData!B60 -> 0.026780858 | C61: =(PriceData!C61-PriceData!C60)/PriceData!C60 -> -0.10444688 | D61: =(PriceData!D61-PriceData!D60)/PriceData!D60 -> -0.078431953 | E61: =(PriceData!E61-PriceData!E60)/PriceData!E60 -> -0.14220644 | F61: =(PriceData!F61-PriceData!F60)/PriceData!F60 -> -0.022482861 | G61: =(PriceData!G61-PriceData!G60)/PriceData!G60 -> -0.040037594 | H61: =(PriceData!H61-PriceData!H60)/PriceData!H60 -> 0.08180418 | I61: =(PriceData!I61-PriceData!I60)/PriceData!I60 -> -0.015996933 | ... S61: =(PriceData!S61-PriceData!S60)/PriceData!S60 -> 0.068301688

Sheet Stock Analytics
A1: STOCK ANALYTICS — RISK & RETURN SUMMARY
A2: Risk-Free Rate | B2: 0.0425
A4: Ticker | B4: Company | C4: Sector | D4: Avg Monthly Return | E4: Annualized Return | F4: Monthly Volatility | G4: Annualized Volatility | H4: Sharpe Ratio
A5: AAPL | B5: Apple Inc. | C5: Technology | D5: =AVERAGE('Monthly Returns'!B3:B61) -> 0.016155056 | E5: =(1+D5)^12-1 -> 0.21204791 | F5: =STDEV('Monthly Returns'!B3:B61) -> 0.070615334 | G5: =F5*SQRT(12) -> 0.24461869 | H5: =(E5-$B$2)/G5 -> 0.693111
A6: MSFT | B6: Microsoft Corp. | C6: Technology | D6: =AVERAGE('Monthly Returns'!C3:C61) -> 0.011291202 | E6: =(1+D6)^12-1 -> 0.14423374 | F6: =STDEV('Monthly Returns'!C3:C61) -> 0.068520488 | G6: =F6*SQRT(12) -> 0.23736193 | H6: =(E6-$B$2)/G6 -> 0.42860176
A7: GOOGL | B7: Alphabet Inc. | C7: Technology | D7: =AVERAGE('Monthly Returns'!D3:D61) -> 0.022386387 | E7: =(1+D7)^12-1 -> 0.30430962 | F7: =STDEV('Monthly Returns'!D3:D61) -> 0.08231633 | G7: =F7*SQRT(12) -> 0.28515213 | H7: =(E7-$B$2)/G7 -> 0.91814015
A8: AMZN | B8: Amazon.com Inc. | C8: Consumer Disc. | D8: =AVERAGE('Monthly Returns'!E3:E61) -> 0.0089540515 | E8: =(1+D8)^12-1 -> 0.11290133 | F8: =STDEV('Monthly Returns'!E3:E61) -> 0.09220028 | G8: =F8*SQRT(12) -> 0.31939114 | H8: =(E8-$B$2)/G8 -> 0.22042357
A9: JPM | B9: JPMorgan Chase | C9: Financials | D9: =AVERAGE('Monthly Returns'!F3:F61) -> 0.015905325 | E9: =(1+D9)^12-1 -> 0.20847825 | F9: =STDEV('Monthly Returns'!F3:F61) -> 0.068795867 | G9: =F9*SQRT(12) -> 0.23831587 | H9: =(E9-$B$2)/G9 -> 0.69646328
A10: BAC | B10: Bank of America | C10: Financials | D10: =AVERAGE('Monthly Returns'!G3:G61) -> 0.0098279143 | E10: =(1+D10)^12-1 -> 0.1245233 | F10: =STDEV('Monthly Returns'!G3:G61) -> 0.078796153 | G10: =F10*SQRT(12) -> 0.27295788 | H10: =(E10-$B$2)/G10 -> 0.30049801
A11: JNJ | B11: Johnson & Johnson | C11: Healthcare | D11: =AVERAGE('Monthly Returns'!H3:H61) -> 0.010338542 | E11: =(1+D11)^12-1 -> 0.1313658 | F11: =STDEV('Monthly Returns'!H3:H61) -> 0.049033059 | G11: =F11*SQRT(12) -> 0.1698555 | H11: =(E11-$B$2)/G11 -> 0.52318471
A12: UNH | B12: UnitedHealth Group | C12: Healthcare | D12: =AVERAGE('Monthly Returns'!I3:I61) -> 0.00068562793 | E12: =(1+D12)^12-1 -> 0.0082586318 | F12: =STDEV('Monthly Returns'!I3:I61) -> 0.08826035 | G12: =F12*SQRT(12) -> 0.30574282 | H12: =(E12-$B$2)/G12 -> -0.11199402
A13: XOM | B13: Exxon Mobil | C13: Energy | D13: =AVERAGE('Monthly Returns'!J3:J61) -> 0.023043384 | E13: =(1+D13)^12-1 -> 0.31440322 | F13: =STDEV('Monthly Returns'!J3:J61) -> 0.076698206 | G13: =F13*SQRT(12) -> 0.26569038 | H13: =(E13-$B$2)/G13 -> 1.0233838
A14: CVX | B14: Chevron Corp. | C14: Energy | D14: =AVERAGE('Monthly Returns'!K3:K61) -> 0.016219693 | E14: =(1+D14)^12-1 -> 0.21297341 | F14: =STDEV('Monthly Returns'!K3:K61) -> 0.078150815 | G14: =F14*SQRT(12) -> 0.27072236 | H14: =(E14-$B$2)/G14 -> 0.62969831
A15: PG | B15: Procter & Gamble | C15: Consumer Staples | D15: =AVERAGE('Monthly Returns'!L3:L61) -> 0.0067515289 | E15: =(1+D15)^12-1 -> 0.08409558 | F15: =STDEV('Monthly Returns'!L3:L61) -> 0.050465635 | G15: =F15*SQRT(12) -> 0.17481809 | H15: =(E15-$B$2)/G15 -> 0.23793636
A16: KO | B16: Coca-Cola Co. | C16: Consumer Staples | D16: =AVERAGE('Monthly Returns'!M3:M61) -> 0.010932754 | E16: =(1+D16)^12-1 -> 0.13937638 | F16: =STDEV('Monthly Returns'!M3:M61) -> 0.048582242 | G16: =F16*SQRT(12) -> 0.16829382 | H16: =(E16-$B$2)/G16 -> 0.57563837
A17: NEE | B17: NextEra Energy | C17: Utilities | D17: =AVERAGE('Monthly Returns'!N3:N61) -> 0.0085290934 | E17: =(1+D17)^12-1 -> 0.10728947 | F17: =STDEV('Monthly Returns'!N3:N61) -> 0.074305266 | G17: =F17*SQRT(12) -> 0.25740099 | H17: =(E17-$B$2)/G17 -> 0.25170639
A18: DUK | B18: Duke Energy | C18: Utilities | D18: =AVERAGE('Monthly Returns'!O3:O61) -> 0.0091813338 | E18: =(1+D18)^12-1 -> 0.11591344 | F18: =STDEV('Monthly Returns'!O3:O61) -> 0.047279684 | G18: =F18*SQRT(12) -> 0.16378163 | H18: =(E18-$B$2)/G18 -> 0.44823977
A19: AMT | B19: American Tower | C19: Real Estate | D19: =AVERAGE('Monthly Returns'!P3:P61) -> 0.0014726817 | E19: =(1+D19)^12-1 -> 0.017816025 | F19: =STDEV('Monthly Returns'!P3:P61) -> 0.076364714 | G19: =F19*SQRT(12) -> 0.26453513 | H19: =(E19-$B$2)/G19 -> -0.093310764
A20: PLD | B20: Prologis Inc. | C20: Real Estate | D20: =AVERAGE('Monthly Returns'!Q3:Q61) -> 0.01107017 | E20: =(1+D20)^12-1 -> 0.14123628 | F20: =STDEV('Monthly Returns'!Q3:Q61) -> 0.087755711 | G20: =F20*SQRT(12) -> 0.3039947 | H20: =(E20-$B$2)/G20 -> 0.32479604
A21: CAT | B21: Caterpillar Inc. | C21: Industrials | D21: =AVERAGE('Monthly Returns'!R3:R61) -> 0.026522129 | E21: =(1+D21)^12-1 -> 0.36905151 | F21: =STDEV('Monthly Returns'!R3:R61) -> 0.09964912 | G21: =F21*SQRT(12) -> 0.34519468 | H21: =(E21-$B$2)/G21 -> 0.94599232
A22: HON | B22: Honeywell Intl. | C22: Industrials | D22: =AVERAGE('Monthly Returns'!S3:S61) -> 0.0064865008 | E22: =(1+D22)^12-1 -> 0.080675867 | F22: =STDEV('Monthly Returns'!S3:S61) -> 0.063349797 | G22: =F22*SQRT(12) -> 0.21945013 | H22: =(E22-$B$2)/G22 -> 0.17396147

Sheet Correlation Matrix
A1: CORRELATION MATRIX
B3: AAPL | C3: MSFT | D3: GOOGL | E3: AMZN | F3: JPM | G3: BAC | H3: JNJ | I3: UNH | J3: XOM | K3: CVX | L3: PG | M3: KO | N3: NEE | O3: DUK | P3: AMT | Q3: PLD | R3: CAT | S3: HON
A4: AAPL | B4: =CORREL(INDEX('Monthly Returns'!$B$3:$S$61,0,COLUMN()-1),INDEX('Monthly Returns'!$B$3:$S$61,0,ROW()-3)) -> 1 | C4: =CORREL(INDEX('Monthly Returns'!$B$3:$S$61,0,COLUMN()-1),INDEX('Monthly Returns'!$B$3:$S$61,0,ROW()-3)) -> 0.48681264 | D4: =CORREL(INDEX('Monthly Returns'!$B$3:$S$61,0,COLUMN()-1),INDEX('Monthly Returns'!$B$3:$S$61,0,ROW()-3)) -> 0.48085301 | E4: =CORREL(INDEX('Monthly Returns'!$B$3:$S$61,0,COLUMN()-1),INDEX('Monthly Returns'!$B$3:$S$61,0,ROW()-3)) -> 0.52759873 | F4: =CORREL(INDEX('Monthly Returns'!$B$3:$S$61,0,COLUMN()-1),INDEX('Monthly Returns'!$B$3:$S$61,0,ROW()-3)) -> 0.22530481 | G4: =CORREL(INDEX('Monthly Returns'!$B$3:$S$61,0,COLUMN()-1),INDEX('Monthly Returns'!$B$3:$S$61,0,ROW()-3)) -> 0.34964666 | H4: =CORREL(INDEX('Monthly Returns'!$B$3:$S$61,0,COLUMN()-1),INDEX('Monthly Returns'!$B$3:$S$61,0,ROW()-3)) -> 0.18008537 | I4: =CORREL(INDEX('Monthly Returns'!$B$3:$S$61,0,COLUMN()-1),INDEX('Monthly Returns'!$B$3:$S$61,0,ROW()-3)) -> 0.31174768 | ... S4: =CORREL(INDEX('Monthly Returns'!$B$3:$S$61,0,COLUMN()-1),INDEX('Monthly Returns'!$B$3:$S$61,0,ROW()-3)) -> 0.31800076
A5: MSFT | B5: =CORREL(INDEX('Monthly Returns'!$B$3:$S$61,0,COLUMN()-1),INDEX('Monthly Returns'!$B$3:$S$61,0,ROW()-3)) -> 0.48681264 | C5: =CORREL(INDEX('Monthly Returns'!$B$3:$S$61,0,COLUMN()-1),INDEX('Monthly Returns'!$B$3:$S$61,0,ROW()-3)) -> 1 | D5: =CORREL(INDEX('Monthly Returns'!$B$3:$S$61,0,COLUMN()-1),INDEX('Monthly Returns'!$B$3:$S$61,0,ROW()-3)) -> 0.51614627 | E5: =CORREL(INDEX('Monthly Returns'!$B$3:$S$61,0,COLUMN()-1),INDEX('Monthly Returns'!$B$3:$S$61,0,ROW()-3)) -> 0.62217589 | F5: =CORREL(INDEX('Monthly Returns'!$B$3:$S$61,0,COLUMN()-1),INDEX('Monthly Returns'!$B$3:$S$61,0,ROW()-3)) -> 0.32123993 | G5: =CORREL(INDEX('Monthly Returns'!$B$3:$S$61,0,COLUMN()-1),INDEX('Monthly Returns'!$B$3:$S$61,0,ROW()-3)) -> 0.31968206 | H5: =CORREL(INDEX('Monthly Returns'!$B$3:$S$61,0,COLUMN()-1),INDEX('Monthly Returns'!$B$3:$S$61,0,ROW()-3)) -> -0.076891369 | I5: =CORREL(INDEX('Monthly Returns'!$B$3:$S$61,0,COLUMN()-1),INDEX('Monthly Returns'!$B$3:$S$61,0,ROW()-3)) -> 0.013727561 | ... S5: =CORREL(INDEX('Monthly Returns'!$B$3:$S$61,0,COLUMN()-1),INDEX('Monthly Returns'!$B$3:$S$61,0,ROW()-3)) -> 0.28351404
A6: GOOGL | B6: =CORREL(INDEX('Monthly Returns'!$B$3:$S$61,0,COLUMN()-1),INDEX('Monthly Returns'!$B$3:$S$61,0,ROW()-3)) -> 0.48085301 | C6: =CORREL(INDEX('Monthly Returns'!$B$3:$S$61,0,COLUMN()-1),INDEX('Monthly Returns'!$B$3:$S$61,0,ROW()-3)) -> 0.51614627 | D6: =CORREL(INDEX('Monthly Returns'!$B$3:$S$61,0,COLUMN()-1),INDEX('Monthly Returns'!$B$3:$S$61,0,ROW()-3)) -> 1 | E6: =CORREL(INDEX('Monthly Returns'!$B$3:$S$61,0,COLUMN()-1),INDEX('Monthly Returns'!$B$3:$S$61,0,ROW()-3)) -> 0.63541674 | F6: =CORREL(INDEX('Monthly Returns'!$B$3:$S$61,0,COLUMN()-1),INDEX('Monthly Returns'!$B$3:$S$61,0,ROW()-3)) -> 0.23171887 | G6: =CORREL(INDEX('Monthly Returns'!$B$3:$S$61,0,COLUMN()-1),INDEX('Monthly Returns'!$B$3:$S$61,0,ROW()-3)) -> 0.32919219 | H6: =CORREL(INDEX('Monthly Returns'!$B$3:$S$61,0,COLUMN()-1),INDEX('Monthly Returns'!$B$3:$S$61,0,ROW()-3)) -> 0.027286927 | I6: =CORREL(INDEX('Monthly Returns'!$B$3:$S$61,0,COLUMN()-1),INDEX('Monthly Returns'!$B$3:$S$61,0,ROW()-3)) -> 0.059640878 | ... S6: =CORREL(INDEX('Monthly Returns'!$B$3:$S$61,0,COLUMN()-1),INDEX('Monthly Returns'!$B$3:$S$61,0,ROW()-3)) -> 0.18500213
A7: AMZN | B7: =CORREL(INDEX('Monthly Returns'!$B$3:$S$61,0,COLUMN()-1),INDEX('Monthly Returns'!$B$3:$S$61,0,ROW()-3)) -> 0.52759873 | C7: =CORREL(INDEX('Monthly Returns'!$B$3:$S$61,0,COLUMN()-1),INDEX('Monthly Returns'!$B$3:$S$61,0,ROW()-3)) -> 0.62217589 | D7: =CORREL(INDEX('Monthly Returns'!$B$3:$S$61,0,COLUMN()-1),INDEX('Monthly Returns'!$B$3:$S$61,0,ROW()-3)) -> 0.63541674 | E7: =CORREL(INDEX('Monthly Returns'!$B$3:$S$61,0,COLUMN()-1),INDEX('Monthly Returns'!$B$3:$S$61,0,ROW()-3)) -> 1 | F7: =CORREL(INDEX('Monthly Returns'!$B$3:$S$61,0,COLUMN()-1),INDEX('Monthly Returns'!$B$3:$S$61,0,ROW()-3)) -> 0.26205142 | G7: =CORREL(INDEX('Monthly Returns'!$B$3:$S$61,0,COLUMN()-1),INDEX('Monthly Returns'!$B$3:$S$61,0,ROW()-3)) -> 0.35128554 | H7: =CORREL(INDEX('Monthly Returns'!$B$3:$S$61,0,COLUMN()-1),INDEX('Monthly Returns'!$B$3:$S$61,0,ROW()-3)) -> -0.20038371 | I7: =CORREL(INDEX('Monthly Returns'!$B$3:$S$61,0,COLUMN()-1),INDEX('Monthly Returns'!$B$3:$S$61,0,ROW()-3)) -> -0.058059363 | ... S7: =CORREL(INDEX('Monthly Returns'!$B$3:$S$61,0,COLUMN()-1),INDEX('Monthly Returns'!$B$3:$S$61,0,ROW()-3)) -> 0.21223731
A8: JPM | B8: =CORREL(INDEX('Monthly Returns'!$B$3:$S$61,0,COLUMN()-1),INDEX('Monthly Returns'!$B$3:$S$61,0,ROW()-3)) -> 0.22530481 | C8: =CORREL(INDEX('Monthly Returns'!$B$3:$S$61,0,COLUMN()-1),INDEX('Monthly Returns'!$B$3:$S$61,0,ROW()-3)) -> 0.32123993 | D8: =CORREL(INDEX('Monthly Returns'!$B$3:$S$61,0,COLUMN()-1),INDEX('Monthly Returns'!$B$3:$S$61,0,ROW()-3)) -> 0.23171887 | E8: =CORREL(INDEX('Monthly Returns'!$B$3:$S$61,0,COLUMN()-1),INDEX('Monthly Returns'!$B$3:$S$61,0,ROW()-3)) -> 0.26205142 | F8: =CORREL(INDEX('Monthly Returns'!$B$3:$S$61,0,COLUMN()-1),INDEX('Monthly Returns'!$B$3:$S$61,0,ROW()-3)) -> 1 | G8: =CORREL(INDEX('Monthly Returns'!$B$3:$S$61,0,COLUMN()-1),INDEX('Monthly Returns'!$B$3:$S$61,0,ROW()-3)) -> 0.86239908 | H8: =CORREL(INDEX('Monthly Returns'!$B$3:$S$61,0,COLUMN()-1),INDEX('Monthly Returns'!$B$3:$S$61,0,ROW()-3)) -> 0.17904405 | I8: =CORREL(INDEX('Monthly Returns'!$B$3:$S$61,0,COLUMN()-1),INDEX('Monthly Returns'!$B$3:$S$61,0,ROW()-3)) -> 0.14889368 | ... S8: =CORREL(INDEX('Monthly Returns'!$B$3:$S$61,0,COLUMN()-1),INDEX('Monthly Returns'!$B$3:$S$61,0,ROW()-3)) -> 0.48584815
A9: BAC | B9: =CORREL(INDEX('Monthly Returns'!$B$3:$S$61,0,COLUMN()-1),INDEX('Monthly Returns'!$B$3:$S$61,0,ROW()-3)) -> 0.34964666 | C9: =CORREL(INDEX('Monthly Returns'!$B$3:$S$61,0,COLUMN()-1),INDEX('Monthly Returns'!$B$3:$S$61,0,ROW()-3)) -> 0.31968206 | D9: =CORREL(INDEX('Monthly Returns'!$B$3:$S$61,0,COLUMN()-1),INDEX('Monthly Returns'!$B$3:$S$61,0,ROW()-3)) -> 0.32919219 | E9: =CORREL(INDEX('Monthly Returns'!$B$3:$S$61,0,COLUMN()-1),INDEX('Monthly Returns'!$B$3:$S$61,0,ROW()-3)) -> 0.35128554 | F9: =CORREL(INDEX('Monthly Returns'!$B$3:$S$61,0,COLUMN()-1),INDEX('Monthly Returns'!$B$3:$S$61,0,ROW()-3)) -> 0.86239908 | G9: =CORREL(INDEX('Monthly Returns'!$B$3:$S$61,0,COLUMN()-1),INDEX('Monthly Returns'!$B$3:$S$61,0,ROW()-3)) -> 1 | H9: =CORREL(INDEX('Monthly Returns'!$B$3:$S$61,0,COLUMN()-1),INDEX('Monthly Returns'!$B$3:$S$61,0,ROW()-3)) -> 0.12755934 | I9: =CORREL(INDEX('Monthly Returns'!$B$3:$S$61,0,COLUMN()-1),INDEX('Monthly Returns'!$B$3:$S$61,0,ROW()-3)) -> 0.20713203 | ... S9: =CORREL(INDEX('Monthly Returns'!$B$3:$S$61,0,COLUMN()-1),INDEX('Monthly Returns'!$B$3:$S$61,0,ROW()-3)) -> 0.49861992
A10: JNJ | B10: =CORREL(INDEX('Monthly Returns'!$B$3:$S$61,0,COLUMN()-1),INDEX('Monthly Returns'!$B$3:$S$61,0,ROW()-3)) -> 0.18008537 | C10: =CORREL(INDEX('Monthly Returns'!$B$3:$S$61,0,COLUMN()-1),INDEX('Monthly Returns'!$B$3:$S$61,0,ROW()-3)) -> -0.076891369 | D10: =CORREL(INDEX('Monthly Returns'!$B$3:$S$61,0,COLUMN()-1),INDEX('Monthly Returns'!$B$3:$S$61,0,ROW()-3)) -> 0.027286927 | E10: =CORREL(INDEX('Monthly Returns'!$B$3:$S$61,0,COLUMN()-1),INDEX('Monthly Returns'!$B$3:$S$61,0,ROW()-3)) -> -0.20038371 | F10: =CORREL(INDEX('Monthly Returns'!$B$3:$S$61,0,COLUMN()-1),INDEX('Monthly Returns'!$B$3:$S$61,0,ROW()-3)) -> 0.17904405 | G10: =CORREL(INDEX('Monthly Returns'!$B$3:$S$61,0,COLUMN()-1),INDEX('Monthly Returns'!$B$3:$S$61,0,ROW()-3)) -> 0.12755934 | H10: =CORREL(INDEX('Monthly Returns'!$B$3:$S$61,0,COLUMN()-1),INDEX('Monthly Returns'!$B$3:$S$61,0,ROW()-3)) -> 1 | I10: =CORREL(INDEX('Monthly Returns'!$B$3:$S$61,0,COLUMN()-1),INDEX('Monthly Returns'!$B$3:$S$61,0,ROW()-3)) -> 0.26119331 | ... S10: =CORREL(INDEX('Monthly Returns'!$B$3:$S$61,0,COLUMN()-1),INDEX('Monthly Returns'!$B$3:$S$61,0,ROW()-3)) -> 0.35227386
A11: UNH | B11: =CORREL(INDEX('Monthly Returns'!$B$3:$S$61,0,COLUMN()-1),INDEX('Monthly Returns'!$B$3:$S$61,0,ROW()-3)) -> 0.31174768 | C11: =CORREL(INDEX('Monthly Returns'!$B$3:$S$61,0,COLUMN()-1),INDEX('Monthly Returns'!$B$3:$S$61,0,ROW()-3)) -> 0.013727561 | D11: =CORREL(INDEX('Monthly Returns'!$B$3:$S$61,0,COLUMN()-1),INDEX('Monthly Returns'!$B$3:$S$61,0,ROW()-3)) -> 0.059640878 | E11: =CORREL(INDEX('Monthly Returns'!$B$3:$S$61,0,COLUMN()-1),INDEX('Monthly Returns'!$B$3:$S$61,0,ROW()-3)) -> -0.058059363 | F11: =CORREL(INDEX('Monthly Returns'!$B$3:$S$61,0,COLUMN()-1),INDEX('Monthly Returns'!$B$3:$S$61,0,ROW()-3)) -> 0.14889368 | G11: =CORREL(INDEX('Monthly Returns'!$B$3:$S$61,0,COLUMN()-1),INDEX('Monthly Returns'!$B$3:$S$61,0,ROW()-3)) -> 0.20713203 | H11: =CORREL(INDEX('Monthly Returns'!$B$3:$S$61,0,COLUMN()-1),INDEX('Monthly Returns'!$B$3:$S$61,0,ROW()-3)) -> 0.26119331 | I11: =CORREL(INDEX('Monthly Returns'!$B$3:$S$61,0,COLUMN()-1),INDEX('Monthly Returns'!$B$3:$S$61,0,ROW()-3)) -> 1 | ... S11: =CORREL(INDEX('Monthly Returns'!$B$3:$S$61,0,COLUMN()-1),INDEX('Monthly Returns'!$B$3:$S$61,0,ROW()-3)) -> 0.13015965
A12: XOM | B12: =CORREL(INDEX('Monthly Returns'!$B$3:$S$61,0,COLUMN()-1),INDEX('Monthly Returns'!$B$3:$S$61,0,ROW()-3)) -> 0.062934441 | C12: =CORREL(INDEX('Monthly Returns'!$B$3:$S$61,0,COLUMN()-1),INDEX('Monthly Returns'!$B$3:$S$61,0,ROW()-3)) -> -0.16075759 | D12: =CORREL(INDEX('Monthly Returns'!$B$3:$S$61,0,COLUMN()-1),INDEX('Monthly Returns'!$B$3:$S$61,0,ROW()-3)) -> -0.10339919 | E12: =CORREL(INDEX('Monthly Returns'!$B$3:$S$61,0,COLUMN()-1),INDEX('Monthly Returns'!$B$3:$S$61,0,ROW()-3)) -> -0.073450115 | F12: =CORREL(INDEX('Monthly Returns'!$B$3:$S$61,0,COLUMN()-1),INDEX('Monthly Returns'!$B$3:$S$61,0,ROW()-3)) -> 0.21742536 | G12: =CORREL(INDEX('Monthly Returns'!$B$3:$S$61,0,COLUMN()-1),INDEX('Monthly Returns'!$B$3:$S$61,0,ROW()-3)) -> 0.35233135 | H12: =CORREL(INDEX('Monthly Returns'!$B$3:$S$61,0,COLUMN()-1),INDEX('Monthly Returns'!$B$3:$S$61,0,ROW()-3)) -> 0.28627892 | I12: =CORREL(INDEX('Monthly Returns'!$B$3:$S$61,0,COLUMN()-1),INDEX('Monthly Returns'!$B$3:$S$61,0,ROW()-3)) -> 0.16399211 | ... S12: =CORREL(INDEX('Monthly Returns'!$B$3:$S$61,0,COLUMN()-1),INDEX('Monthly Returns'!$B$3:$S$61,0,ROW()-3)) -> 0.42573431
A13: CVX | B13: =CORREL(INDEX('Monthly Returns'!$B$3:$S$61,0,COLUMN()-1),INDEX('Monthly Returns'!$B$3:$S$61,0,ROW()-3)) -> 0.17151719 | C13: =CORREL(INDEX('Monthly Returns'!$B$3:$S$61,0,COLUMN()-1),INDEX('Monthly Returns'!$B$3:$S$61,0,ROW()-3)) -> -0.044420497 | D13: =CORREL(INDEX('Monthly Returns'!$B$3:$S$61,0,COLUMN()-1),INDEX('Monthly Returns'!$B$3:$S$61,0,ROW()-3)) -> 0.0089020541 | E13: =CORREL(INDEX('Monthly Returns'!$B$3:$S$61,0,COLUMN()-1),INDEX('Monthly Returns'!$B$3:$S$61,0,ROW()-3)) -> 0.069589929 | F13: =CORREL(INDEX('Monthly Returns'!$B$3:$S$61,0,COLUMN()-1),INDEX('Monthly Returns'!$B$3:$S$61,0,ROW()-3)) -> 0.34394025 | G13: =CORREL(INDEX('Monthly Returns'!$B$3:$S$61,0,COLUMN()-1),INDEX('Monthly Returns'!$B$3:$S$61,0,ROW()-3)) -> 0.4401905 | H13: =CORREL(INDEX('Monthly Returns'!$B$3:$S$61,0,COLUMN()-1),INDEX('Monthly Returns'!$B$3:$S$61,0,ROW()-3)) -> 0.37114148 | I13: =CORREL(INDEX('Monthly Returns'!$B$3:$S$61,0,COLUMN()-1),INDEX('Monthly Returns'!$B$3:$S$61,0,ROW()-3)) -> 0.26101908 | ... S13: =CORREL(INDEX('Monthly Returns'!$B$3:$S$61,0,COLUMN()-1),INDEX('Monthly Returns'!$B$3:$S$61,0,ROW()-3)) -> 0.51391861
A14: PG | B14: =CORREL(INDEX('Monthly Returns'!$B$3:$S$61,0,COLUMN()-1),INDEX('Monthly Returns'!$B$3:$S$61,0,ROW()-3)) -> 0.17363751 | C14: =CORREL(INDEX('Monthly Returns'!$B$3:$S$61,0,COLUMN()-1),INDEX('Monthly Returns'!$B$3:$S$61,0,ROW()-3)) -> 0.15376584 | D14: =CORREL(INDEX('Monthly Returns'!$B$3:$S$61,0,COLUMN()-1),INDEX('Monthly Returns'!$B$3:$S$61,0,ROW()-3)) -> -0.078837667 | E14: =CORREL(INDEX('Monthly Returns'!$B$3:$S$61,0,COLUMN()-1),INDEX('Monthly Returns'!$B$3:$S$61,0,ROW()-3)) -> -0.16528284 | F14: =CORREL(INDEX('Monthly Returns'!$B$3:$S$61,0,COLUMN()-1),INDEX('Monthly Returns'!$B$3:$S$61,0,ROW()-3)) -> 0.14099898 | G14: =CORREL(INDEX('Monthly Returns'!$B$3:$S$61,0,COLUMN()-1),INDEX('Monthly Returns'!$B$3:$S$61,0,ROW()-3)) -> 0.12015542 | H14: =CORREL(INDEX('Monthly Returns'!$B$3:$S$61,0,COLUMN()-1),INDEX('Monthly Returns'!$B$3:$S$61,0,ROW()-3)) -> 0.43422238 | I14: =CORREL(INDEX('Monthly Returns'!$B$3:$S$61,0,COLUMN()-1),INDEX('Monthly Returns'!$B$3:$S$61,0,ROW()-3)) -> 0.19807286 | ... S14: =CORREL(INDEX('Monthly Returns'!$B$3:$S$61,0,COLUMN()-1),INDEX('Monthly Returns'!$B$3:$S$61,0,ROW()-3)) -> 0.4601605
A15: KO | B15: =CORREL(INDEX('Monthly Returns'!$B$3:$S$61,0,COLUMN()-1),INDEX('Monthly Returns'!$B$3:$S$61,0,ROW()-3)) -> 0.22177422 | C15: =CORREL(INDEX('Monthly Returns'!$B$3:$S$61,0,COLUMN()-1),INDEX('Monthly Returns'!$B$3:$S$61,0,ROW()-3)) -> 0.068412241 | D15: =CORREL(INDEX('Monthly Returns'!$B$3:$S$61,0,COLUMN()-1),INDEX('Monthly Returns'!$B$3:$S$61,0,ROW()-3)) -> 0.03655243 | E15: =CORREL(INDEX('Monthly Returns'!$B$3:$S$61,0,COLUMN()-1),INDEX('Monthly Returns'!$B$3:$S$61,0,ROW()-3)) -> -0.17057108 | F15: =CORREL(INDEX('Monthly Returns'!$B$3:$S$61,0,COLUMN()-1),INDEX('Monthly Returns'!$B$3:$S$61,0,ROW()-3)) -> 0.10701888 | G15: =CORREL(INDEX('Monthly Returns'!$B$3:$S$61,0,COLUMN()-1),INDEX('Monthly Returns'!$B$3:$S$61,0,ROW()-3)) -> 0.16692177 | H15: =CORREL(INDEX('Monthly Returns'!$B$3:$S$61,0,COLUMN()-1),INDEX('Monthly Returns'!$B$3:$S$61,0,ROW()-3)) -> 0.58737361 | I15: =CORREL(INDEX('Monthly Returns'!$B$3:$S$61,0,COLUMN()-1),INDEX('Monthly Returns'!$B$3:$S$61,0,ROW()-3)) -> 0.21782538 | ... S15: =CORREL(INDEX('Monthly Returns'!$B$3:$S$61,0,COLUMN()-1),INDEX('Monthly Returns'!$B$3:$S$61,0,ROW()-3)) -> 0.42381815
... A21: HON | B21: =CORREL(INDEX('Monthly Returns'!$B$3:$S$61,0,COLUMN()-1),INDEX('Monthly Returns'!$B$3:$S$61,0,ROW()-3)) -> 0.31800076 | C21: =CORREL(INDEX('Monthly Returns'!$B$3:$S$61,0,COLUMN()-1),INDEX('Monthly Returns'!$B$3:$S$61,0,ROW()-3)) -> 0.28351404 | D21: =CORREL(INDEX('Monthly Returns'!$B$3:$S$61,0,COLUMN()-1),INDEX('Monthly Returns'!$B$3:$S$61,0,ROW()-3)) -> 0.18500213 | E21: =CORREL(INDEX('Monthly Returns'!$B$3:$S$61,0,COLUMN()-1),INDEX('Monthly Returns'!$B$3:$S$61,0,ROW()-3)) -> 0.21223731 | F21: =CORREL(INDEX('Monthly Returns'!$B$3:$S$61,0,COLUMN()-1),INDEX('Monthly Returns'!$B$3:$S$61,0,ROW()-3)) -> 0.48584815 | G21: =CORREL(INDEX('Monthly Returns'!$B$3:$S$61,0,COLUMN()-1),INDEX('Monthly Returns'!$B$3:$S$61,0,ROW()-3)) -> 0.49861992 | H21: =CORREL(INDEX('Monthly Returns'!$B$3:$S$61,0,COLUMN()-1),INDEX('Monthly Returns'!$B$3:$S$61,0,ROW()-3)) -> 0.35227386 | I21: =CORREL(INDEX('Monthly Returns'!$B$3:$S$61,0,COLUMN()-1),INDEX('Monthly Returns'!$B$3:$S$61,0,ROW()-3)) -> 0.13015965 | ... S21: =CORREL(INDEX('Monthly Returns'!$B$3:$S$61,0,COLUMN()-1),INDEX('Monthly Returns'!$B$3:$S$61,0,ROW()-3)) -> 1

Sheet Covariance Matrix
A1: COVARIANCE MATRIX (Annualized)
B3: AAPL | C3: MSFT | D3: GOOGL | E3: AMZN | F3: JPM | G3: BAC | H3: JNJ | I3: UNH | J3: XOM | K3: CVX | L3: PG | M3: KO | N3: NEE | O3: DUK | P3: AMT | Q3: PLD | R3: CAT | S3: HON
A4: AAPL | B4: {=INDEX('Correlation Matrix'!$B$4:$S$21,ROW()-3,COLUMN()-1)*INDEX('Stock Analytics'!$G$5:$G$22,ROW()-3,1)*INDEX('Stock Analytics'!$G$5:$G$22,COLUMN()-1,1)} -> 0.059838306 | C4: {=INDEX('Correlation Matrix'!$B$4:$S$21,ROW()-3,COLUMN()-1)*INDEX('Stock Analytics'!$G$5:$G$22,ROW()-3,1)*INDEX('Stock Analytics'!$G$5:$G$22,COLUMN()-1,1)} -> 0.028265883 | D4: {=INDEX('Correlation Matrix'!$B$4:$S$21,ROW()-3,COLUMN()-1)*INDEX('Stock Analytics'!$G$5:$G$22,ROW()-3,1)*INDEX('Stock Analytics'!$G$5:$G$22,COLUMN()-1,1)} -> 0.033541201 | E4: {=INDEX('Correlation Matrix'!$B$4:$S$21,ROW()-3,COLUMN()-1)*INDEX('Stock Analytics'!$G$5:$G$22,ROW()-3,1)*INDEX('Stock Analytics'!$G$5:$G$22,COLUMN()-1,1)} -> 0.041220784 | F4: {=INDEX('Correlation Matrix'!$B$4:$S$21,ROW()-3,COLUMN()-1)*INDEX('Stock Analytics'!$G$5:$G$22,ROW()-3,1)*INDEX('Stock Analytics'!$G$5:$G$22,COLUMN()-1,1)} -> 0.013134486 | G4: {=INDEX('Correlation Matrix'!$B$4:$S$21,ROW()-3,COLUMN()-1)*INDEX('Stock Analytics'!$G$5:$G$22,ROW()-3,1)*INDEX('Stock Analytics'!$G$5:$G$22,COLUMN()-1,1)} -> 0.023346117 | H4: {=INDEX('Correlation Matrix'!$B$4:$S$21,ROW()-3,COLUMN()-1)*INDEX('Stock Analytics'!$G$5:$G$22,ROW()-3,1)*INDEX('Stock Analytics'!$G$5:$G$22,COLUMN()-1,1)} -> 0.0074825164 | I4: {=INDEX('Correlation Matrix'!$B$4:$S$21,ROW()-3,COLUMN()-1)*INDEX('Stock Analytics'!$G$5:$G$22,ROW()-3,1)*INDEX('Stock Analytics'!$G$5:$G$22,COLUMN()-1,1)} -> 0.023315737 | ... S4: {=INDEX('Correlation Matrix'!$B$4:$S$21,ROW()-3,COLUMN()-1)*INDEX('Stock Analytics'!$G$5:$G$22,ROW()-3,1)*INDEX('Stock Analytics'!$G$5:$G$22,COLUMN()-1,1)} -> 0.017070791
A5: MSFT | B5: {=INDEX('Correlation Matrix'!$B$4:$S$21,ROW()-3,COLUMN()-1)*INDEX('Stock Analytics'!$G$5:$G$22,ROW()-3,1)*INDEX('Stock Analytics'!$G$5:$G$22,COLUMN()-1,1)} -> 0.028265883 | C5: {=INDEX('Correlation Matrix'!$B$4:$S$21,ROW()-3,COLUMN()-1)*INDEX('Stock Analytics'!$G$5:$G$22,ROW()-3,1)*INDEX('Stock Analytics'!$G$5:$G$22,COLUMN()-1,1)} -> 0.056340688 | D5: {=INDEX('Correlation Matrix'!$B$4:$S$21,ROW()-3,COLUMN()-1)*INDEX('Stock Analytics'!$G$5:$G$22,ROW()-3,1)*INDEX('Stock Analytics'!$G$5:$G$22,COLUMN()-1,1)} -> 0.034934979 | E5: {=INDEX('Correlation Matrix'!$B$4:$S$21,ROW()-3,COLUMN()-1)*INDEX('Stock Analytics'!$G$5:$G$22,ROW()-3,1)*INDEX('Stock Analytics'!$G$5:$G$22,COLUMN()-1,1)} -> 0.047167962 | F5: {=INDEX('Correlation Matrix'!$B$4:$S$21,ROW()-3,COLUMN()-1)*INDEX('Stock Analytics'!$G$5:$G$22,ROW()-3,1)*INDEX('Stock Analytics'!$G$5:$G$22,COLUMN()-1,1)} -> 0.018171616 | G5: {=INDEX('Correlation Matrix'!$B$4:$S$21,ROW()-3,COLUMN()-1)*INDEX('Stock Analytics'!$G$5:$G$22,ROW()-3,1)*INDEX('Stock Analytics'!$G$5:$G$22,COLUMN()-1,1)} -> 0.02071214 | H5: {=INDEX('Correlation Matrix'!$B$4:$S$21,ROW()-3,COLUMN()-1)*INDEX('Stock Analytics'!$G$5:$G$22,ROW()-3,1)*INDEX('Stock Analytics'!$G$5:$G$22,COLUMN()-1,1)} -> -0.003100047 | I5: {=INDEX('Correlation Matrix'!$B$4:$S$21,ROW()-3,COLUMN()-1)*INDEX('Stock Analytics'!$G$5:$G$22,ROW()-3,1)*INDEX('Stock Analytics'!$G$5:$G$22,COLUMN()-1,1)} -> 0.00099623252 | ... S5: {=INDEX('Correlation Matrix'!$B$4:$S$21,ROW()-3,COLUMN()-1)*INDEX('Stock Analytics'!$G$5:$G$22,ROW()-3,1)*INDEX('Stock Analytics'!$G$5:$G$22,COLUMN()-1,1)} -> 0.014767993
A6: GOOGL | B6: {=INDEX('Correlation Matrix'!$B$4:$S$21,ROW()-3,COLUMN()-1)*INDEX('Stock Analytics'!$G$5:$G$22,ROW()-3,1)*INDEX('Stock Analytics'!$G$5:$G$22,COLUMN()-1,1)} -> 0.033541201 | C6: {=INDEX('Correlation Matrix'!$B$4:$S$21,ROW()-3,COLUMN()-1)*INDEX('Stock Analytics'!$G$5:$G$22,ROW()-3,1)*INDEX('Stock Analytics'!$G$5:$G$22,COLUMN()-1,1)} -> 0.034934979 | D6: {=INDEX('Correlation Matrix'!$B$4:$S$21,ROW()-3,COLUMN()-1)*INDEX('Stock Analytics'!$G$5:$G$22,ROW()-3,1)*INDEX('Stock Analytics'!$G$5:$G$22,COLUMN()-1,1)} -> 0.081311738 | E6: {=INDEX('Correlation Matrix'!$B$4:$S$21,ROW()-3,COLUMN()-1)*INDEX('Stock Analytics'!$G$5:$G$22,ROW()-3,1)*INDEX('Stock Analytics'!$G$5:$G$22,COLUMN()-1,1)} -> 0.05787062 | F6: {=INDEX('Correlation Matrix'!$B$4:$S$21,ROW()-3,COLUMN()-1)*INDEX('Stock Analytics'!$G$5:$G$22,ROW()-3,1)*INDEX('Stock Analytics'!$G$5:$G$22,COLUMN()-1,1)} -> 0.015746753 | G6: {=INDEX('Correlation Matrix'!$B$4:$S$21,ROW()-3,COLUMN()-1)*INDEX('Stock Analytics'!$G$5:$G$22,ROW()-3,1)*INDEX('Stock Analytics'!$G$5:$G$22,COLUMN()-1,1)} -> 0.025622517 | H6: {=INDEX('Correlation Matrix'!$B$4:$S$21,ROW()-3,COLUMN()-1)*INDEX('Stock Analytics'!$G$5:$G$22,ROW()-3,1)*INDEX('Stock Analytics'!$G$5:$G$22,COLUMN()-1,1)} -> 0.001321633 | I6: {=INDEX('Correlation Matrix'!$B$4:$S$21,ROW()-3,COLUMN()-1)*INDEX('Stock Analytics'!$G$5:$G$22,ROW()-3,1)*INDEX('Stock Analytics'!$G$5:$G$22,COLUMN()-1,1)} -> 0.0051996836 | ... S6: {=INDEX('Correlation Matrix'!$B$4:$S$21,ROW()-3,COLUMN()-1)*INDEX('Stock Analytics'!$G$5:$G$22,ROW()-3,1)*INDEX('Stock Analytics'!$G$5:$G$22,COLUMN()-1,1)} -> 0.011576818
A7: AMZN | B7: {=INDEX('Correlation Matrix'!$B$4:$S$21,ROW()-3,COLUMN()-1)*INDEX('Stock Analytics'!$G$5:$G$22,ROW()-3,1)*INDEX('Stock Analytics'!$G$5:$G$22,COLUMN()-1,1)} -> 0.041220784 | C7: {=INDEX('Correlation Matrix'!$B$4:$S$21,ROW()-3,COLUMN()-1)*INDEX('Stock Analytics'!$G$5:$G$22,ROW()-3,1)*INDEX('Stock Analytics'!$G$5:$G$22,COLUMN()-1,1)} -> 0.047167962 | D7: {=INDEX('Correlation Matrix'!$B$4:$S$21,ROW()-3,COLUMN()-1)*INDEX('Stock Analytics'!$G$5:$G$22,ROW()-3,1)*INDEX('Stock Analytics'!$G$5:$G$22,COLUMN()-1,1)} -> 0.05787062 | E7: {=INDEX('Correlation Matrix'!$B$4:$S$21,ROW()-3,COLUMN()-1)*INDEX('Stock Analytics'!$G$5:$G$22,ROW()-3,1)*INDEX('Stock Analytics'!$G$5:$G$22,COLUMN()-1,1)} -> 0.1020107 | F7: {=INDEX('Correlation Matrix'!$B$4:$S$21,ROW()-3,COLUMN()-1)*INDEX('Stock Analytics'!$G$5:$G$22,ROW()-3,1)*INDEX('Stock Analytics'!$G$5:$G$22,COLUMN()-1,1)} -> 0.0199463 | G7: {=INDEX('Correlation Matrix'!$B$4:$S$21,ROW()-3,COLUMN()-1)*INDEX('Stock Analytics'!$G$5:$G$22,ROW()-3,1)*INDEX('Stock Analytics'!$G$5:$G$22,COLUMN()-1,1)} -> 0.030625189 | H7: {=INDEX('Correlation Matrix'!$B$4:$S$21,ROW()-3,COLUMN()-1)*INDEX('Stock Analytics'!$G$5:$G$22,ROW()-3,1)*INDEX('Stock Analytics'!$G$5:$G$22,COLUMN()-1,1)} -> -0.010870884 | I7: {=INDEX('Correlation Matrix'!$B$4:$S$21,ROW()-3,COLUMN()-1)*INDEX('Stock Analytics'!$G$5:$G$22,ROW()-3,1)*INDEX('Stock Analytics'!$G$5:$G$22,COLUMN()-1,1)} -> -0.0056695867 | ... S7: {=INDEX('Correlation Matrix'!$B$4:$S$21,ROW()-3,COLUMN()-1)*INDEX('Stock Analytics'!$G$5:$G$22,ROW()-3,1)*INDEX('Stock Analytics'!$G$5:$G$22,COLUMN()-1,1)} -> 0.014875804
A8: JPM | B8: {=INDEX('Correlation Matrix'!$B$4:$S$21,ROW()-3,COLUMN()-1)*INDEX('Stock Analytics'!$G$5:$G$22,ROW()-3,1)*INDEX('Stock Analytics'!$G$5:$G$22,COLUMN()-1,1)} -> 0.013134486 | C8: {=INDEX('Correlation Matrix'!$B$4:$S$21,ROW()-3,COLUMN()-1)*INDEX('Stock Analytics'!$G$5:$G$22,ROW()-3,1)*INDEX('Stock Analytics'!$G$5:$G$22,COLUMN()-1,1)} -> 0.018171616 | D8: {=INDEX('Correlation Matrix'!$B$4:$S$21,ROW()-3,COLUMN()-1)*INDEX('Stock Analytics'!$G$5:$G$22,ROW()-3,1)*INDEX('Stock Analytics'!$G$5:$G$22,COLUMN()-1,1)} -> 0.015746753 | E8: {=INDEX('Correlation Matrix'!$B$4:$S$21,ROW()-3,COLUMN()-1)*INDEX('Stock Analytics'!$G$5:$G$22,ROW()-3,1)*INDEX('Stock Analytics'!$G$5:$G$22,COLUMN()-1,1)} -> 0.0199463 | F8: {=INDEX('Correlation Matrix'!$B$4:$S$21,ROW()-3,COLUMN()-1)*INDEX('Stock Analytics'!$G$5:$G$22,ROW()-3,1)*INDEX('Stock Analytics'!$G$5:$G$22,COLUMN()-1,1)} -> 0.056794455 | G8: {=INDEX('Correlation Matrix'!$B$4:$S$21,ROW()-3,COLUMN()-1)*INDEX('Stock Analytics'!$G$5:$G$22,ROW()-3,1)*INDEX('Stock Analytics'!$G$5:$G$22,COLUMN()-1,1)} -> 0.056099229 | H8: {=INDEX('Correlation Matrix'!$B$4:$S$21,ROW()-3,COLUMN()-1)*INDEX('Stock Analytics'!$G$5:$G$22,ROW()-3,1)*INDEX('Stock Analytics'!$G$5:$G$22,COLUMN()-1,1)} -> 0.0072475711 | I8: {=INDEX('Correlation Matrix'!$B$4:$S$21,ROW()-3,COLUMN()-1)*INDEX('Stock Analytics'!$G$5:$G$22,ROW()-3,1)*INDEX('Stock Analytics'!$G$5:$G$22,COLUMN()-1,1)} -> 0.010848895 | ... S8: {=INDEX('Correlation Matrix'!$B$4:$S$21,ROW()-3,COLUMN()-1)*INDEX('Stock Analytics'!$G$5:$G$22,ROW()-3,1)*INDEX('Stock Analytics'!$G$5:$G$22,COLUMN()-1,1)} -> 0.025409106
A9: BAC | B9: {=INDEX('Correlation Matrix'!$B$4:$S$21,ROW()-3,COLUMN()-1)*INDEX('Stock Analytics'!$G$5:$G$22,ROW()-3,1)*INDEX('Stock Analytics'!$G$5:$G$22,COLUMN()-1,1)} -> 0.023346117 | C9: {=INDEX('Correlation Matrix'!$B$4:$S$21,ROW()-3,COLUMN()-1)*INDEX('Stock Analytics'!$G$5:$G$22,ROW()-3,1)*INDEX('Stock Analytics'!$G$5:$G$22,COLUMN()-1,1)} -> 0.02071214 | D9: {=INDEX('Correlation Matrix'!$B$4:$S$21,ROW()-3,COLUMN()-1)*INDEX('Stock Analytics'!$G$5:$G$22,ROW()-3,1)*INDEX('Stock Analytics'!$G$5:$G$22,COLUMN()-1,1)} -> 0.025622517 | E9: {=INDEX('Correlation Matrix'!$B$4:$S$21,ROW()-3,COLUMN()-1)*INDEX('Stock Analytics'!$G$5:$G$22,ROW()-3,1)*INDEX('Stock Analytics'!$G$5:$G$22,COLUMN()-1,1)} -> 0.030625189 | F9: {=INDEX('Correlation Matrix'!$B$4:$S$21,ROW()-3,COLUMN()-1)*INDEX('Stock Analytics'!$G$5:$G$22,ROW()-3,1)*INDEX('Stock Analytics'!$G$5:$G$22,COLUMN()-1,1)} -> 0.056099229 | G9: {=INDEX('Correlation Matrix'!$B$4:$S$21,ROW()-3,COLUMN()-1)*INDEX('Stock Analytics'!$G$5:$G$22,ROW()-3,1)*INDEX('Stock Analytics'!$G$5:$G$22,COLUMN()-1,1)} -> 0.074506004 | H9: {=INDEX('Correlation Matrix'!$B$4:$S$21,ROW()-3,COLUMN()-1)*INDEX('Stock Analytics'!$G$5:$G$22,ROW()-3,1)*INDEX('Stock Analytics'!$G$5:$G$22,COLUMN()-1,1)} -> 0.0059140845 | I9: {=INDEX('Correlation Matrix'!$B$4:$S$21,ROW()-3,COLUMN()-1)*INDEX('Stock Analytics'!$G$5:$G$22,ROW()-3,1)*INDEX('Stock Analytics'!$G$5:$G$22,COLUMN()-1,1)} -> 0.017286185 | ... S9: {=INDEX('Correlation Matrix'!$B$4:$S$21,ROW()-3,COLUMN()-1)*INDEX('Stock Analytics'!$G$5:$G$22,ROW()-3,1)*INDEX('Stock Analytics'!$G$5:$G$22,COLUMN()-1,1)} -> 0.029867654
A10: JNJ | B10: {=INDEX('Correlation Matrix'!$B$4:$S$21,ROW()-3,COLUMN()-1)*INDEX('Stock Analytics'!$G$5:$G$22,ROW()-3,1)*INDEX('Stock Analytics'!$G$5:$G$22,COLUMN()-1,1)} -> 0.0074825164 | C10: {=INDEX('Correlation Matrix'!$B$4:$S$21,ROW()-3,COLUMN()-1)*INDEX('Stock Analytics'!$G$5:$G$22,ROW()-3,1)*INDEX('Stock Analytics'!$G$5:$G$22,COLUMN()-1,1)} -> -0.003100047 | D10: {=INDEX('Correlation Matrix'!$B$4:$S$21,ROW()-3,COLUMN()-1)*INDEX('Stock Analytics'!$G$5:$G$22,ROW()-3,1)*INDEX('Stock Analytics'!$G$5:$G$22,COLUMN()-1,1)} -> 0.001321633 | E10: {=INDEX('Correlation Matrix'!$B$4:$S$21,ROW()-3,COLUMN()-1)*INDEX('Stock Analytics'!$G$5:$G$22,ROW()-3,1)*INDEX('Stock Analytics'!$G$5:$G$22,COLUMN()-1,1)} -> -0.010870884 | F10: {=INDEX('Correlation Matrix'!$B$4:$S$21,ROW()-3,COLUMN()-1)*INDEX('Stock Analytics'!$G$5:$G$22,ROW()-3,1)*INDEX('Stock Analytics'!$G$5:$G$22,COLUMN()-1,1)} -> 0.0072475711 | G10: {=INDEX('Correlation Matrix'!$B$4:$S$21,ROW()-3,COLUMN()-1)*INDEX('Stock Analytics'!$G$5:$G$22,ROW()-3,1)*INDEX('Stock Analytics'!$G$5:$G$22,COLUMN()-1,1)} -> 0.0059140845 | H10: {=INDEX('Correlation Matrix'!$B$4:$S$21,ROW()-3,COLUMN()-1)*INDEX('Stock Analytics'!$G$5:$G$22,ROW()-3,1)*INDEX('Stock Analytics'!$G$5:$G$22,COLUMN()-1,1)} -> 0.028850891 | I10: {=INDEX('Correlation Matrix'!$B$4:$S$21,ROW()-3,COLUMN()-1)*INDEX('Stock Analytics'!$G$5:$G$22,ROW()-3,1)*INDEX('Stock Analytics'!$G$5:$G$22,COLUMN()-1,1)} -> 0.013564317 | ... S10: {=INDEX('Correlation Matrix'!$B$4:$S$21,ROW()-3,COLUMN()-1)*INDEX('Stock Analytics'!$G$5:$G$22,ROW()-3,1)*INDEX('Stock Analytics'!$G$5:$G$22,COLUMN()-1,1)} -> 0.013130942
A11: UNH | B11: {=INDEX('Correlation Matrix'!$B$4:$S$21,ROW()-3,COLUMN()-1)*INDEX('Stock Analytics'!$G$5:$G$22,ROW()-3,1)*INDEX('Stock Analytics'!$G$5:$G$22,COLUMN()-1,1)} -> 0.023315737 | C11: {=INDEX('Correlation Matrix'!$B$4:$S$21,ROW()-3,COLUMN()-1)*INDEX('Stock Analytics'!$G$5:$G$22,ROW()-3,1)*INDEX('Stock Analytics'!$G$5:$G$22,COLUMN()-1,1)} -> 0.00099623252 | D11: {=INDEX('Correlation Matrix'!$B$4:$S$21,ROW()-3,COLUMN()-1)*INDEX('Stock Analytics'!$G$5:$G$22,ROW()-3,1)*INDEX('Stock Analytics'!$G$5:$G$22,COLUMN()-1,1)} -> 0.0051996836 | E11: {=INDEX('Correlation Matrix'!$B$4:$S$21,ROW()-3,COLUMN()-1)*INDEX('Stock Analytics'!$G$5:$G$22,ROW()-3,1)*INDEX('Stock Analytics'!$G$5:$G$22,COLUMN()-1,1)} -> -0.0056695867 | F11: {=INDEX('Correlation Matrix'!$B$4:$S$21,ROW()-3,COLUMN()-1)*INDEX('Stock Analytics'!$G$5:$G$22,ROW()-3,1)*INDEX('Stock Analytics'!$G$5:$G$22,COLUMN()-1,1)} -> 0.010848895 | G11: {=INDEX('Correlation Matrix'!$B$4:$S$21,ROW()-3,COLUMN()-1)*INDEX('Stock Analytics'!$G$5:$G$22,ROW()-3,1)*INDEX('Stock Analytics'!$G$5:$G$22,COLUMN()-1,1)} -> 0.017286185 | H11: {=INDEX('Correlation Matrix'!$B$4:$S$21,ROW()-3,COLUMN()-1)*INDEX('Stock Analytics'!$G$5:$G$22,ROW()-3,1)*INDEX('Stock Analytics'!$G$5:$G$22,COLUMN()-1,1)} -> 0.013564317 | I11: {=INDEX('Correlation Matrix'!$B$4:$S$21,ROW()-3,COLUMN()-1)*INDEX('Stock Analytics'!$G$5:$G$22,ROW()-3,1)*INDEX('Stock Analytics'!$G$5:$G$22,COLUMN()-1,1)} -> 0.093478673 | ... S11: {=INDEX('Correlation Matrix'!$B$4:$S$21,ROW()-3,COLUMN()-1)*INDEX('Stock Analytics'!$G$5:$G$22,ROW()-3,1)*INDEX('Stock Analytics'!$G$5:$G$22,COLUMN()-1,1)} -> 0.0087331015
A12: XOM | B12: {=INDEX('Correlation Matrix'!$B$4:$S$21,ROW()-3,COLUMN()-1)*INDEX('Stock Analytics'!$G$5:$G$22,ROW()-3,1)*INDEX('Stock Analytics'!$G$5:$G$22,COLUMN()-1,1)} -> 0.0040902877 | C12: {=INDEX('Correlation Matrix'!$B$4:$S$21,ROW()-3,COLUMN()-1)*INDEX('Stock Analytics'!$G$5:$G$22,ROW()-3,1)*INDEX('Stock Analytics'!$G$5:$G$22,COLUMN()-1,1)} -> -0.010138142 | D12: {=INDEX('Correlation Matrix'!$B$4:$S$21,ROW()-3,COLUMN()-1)*INDEX('Stock Analytics'!$G$5:$G$22,ROW()-3,1)*INDEX('Stock Analytics'!$G$5:$G$22,COLUMN()-1,1)} -> -0.0078337475 | E12: {=INDEX('Correlation Matrix'!$B$4:$S$21,ROW()-3,COLUMN()-1)*INDEX('Stock Analytics'!$G$5:$G$22,ROW()-3,1)*INDEX('Stock Analytics'!$G$5:$G$22,COLUMN()-1,1)} -> -0.0062329146 | F12: {=INDEX('Correlation Matrix'!$B$4:$S$21,ROW()-3,COLUMN()-1)*INDEX('Stock Analytics'!$G$5:$G$22,ROW()-3,1)*INDEX('Stock Analytics'!$G$5:$G$22,COLUMN()-1,1)} -> 0.01376699 | G12: {=INDEX('Correlation Matrix'!$B$4:$S$21,ROW()-3,COLUMN()-1)*INDEX('Stock Analytics'!$G$5:$G$22,ROW()-3,1)*INDEX('Stock Analytics'!$G$5:$G$22,COLUMN()-1,1)} -> 0.025551873 | H12: {=INDEX('Correlation Matrix'!$B$4:$S$21,ROW()-3,COLUMN()-1)*INDEX('Stock Analytics'!$G$5:$G$22,ROW()-3,1)*INDEX('Stock Analytics'!$G$5:$G$22,COLUMN()-1,1)} -> 0.012919473 | I12: {=INDEX('Correlation Matrix'!$B$4:$S$21,ROW()-3,COLUMN()-1)*INDEX('Stock Analytics'!$G$5:$G$22,ROW()-3,1)*INDEX('Stock Analytics'!$G$5:$G$22,COLUMN()-1,1)} -> 0.013321559 | ... S12: {=INDEX('Correlation Matrix'!$B$4:$S$21,ROW()-3,COLUMN()-1)*INDEX('Stock Analytics'!$G$5:$G$22,ROW()-3,1)*INDEX('Stock Analytics'!$G$5:$G$22,COLUMN()-1,1)} -> 0.024822775
A13: CVX | B13: {=INDEX('Correlation Matrix'!$B$4:$S$21,ROW()-3,COLUMN()-1)*INDEX('Stock Analytics'!$G$5:$G$22,ROW()-3,1)*INDEX('Stock Analytics'!$G$5:$G$22,COLUMN()-1,1)} -> 0.011358511 | C13: {=INDEX('Correlation Matrix'!$B$4:$S$21,ROW()-3,COLUMN()-1)*INDEX('Stock Analytics'!$G$5:$G$22,ROW()-3,1)*INDEX('Stock Analytics'!$G$5:$G$22,COLUMN()-1,1)} -> -0.0028544249 | D13: {=INDEX('Correlation Matrix'!$B$4:$S$21,ROW()-3,COLUMN()-1)*INDEX('Stock Analytics'!$G$5:$G$22,ROW()-3,1)*INDEX('Stock Analytics'!$G$5:$G$22,COLUMN()-1,1)} -> 0.0006872124 | E13: {=INDEX('Correlation Matrix'!$B$4:$S$21,ROW()-3,COLUMN()-1)*INDEX('Stock Analytics'!$G$5:$G$22,ROW()-3,1)*INDEX('Stock Analytics'!$G$5:$G$22,COLUMN()-1,1)} -> 0.0060171853 | F13: {=INDEX('Correlation Matrix'!$B$4:$S$21,ROW()-3,COLUMN()-1)*INDEX('Stock Analytics'!$G$5:$G$22,ROW()-3,1)*INDEX('Stock Analytics'!$G$5:$G$22,COLUMN()-1,1)} -> 0.022190143 | G13: {=INDEX('Correlation Matrix'!$B$4:$S$21,ROW()-3,COLUMN()-1)*INDEX('Stock Analytics'!$G$5:$G$22,ROW()-3,1)*INDEX('Stock Analytics'!$G$5:$G$22,COLUMN()-1,1)} -> 0.03252823 | H13: {=INDEX('Correlation Matrix'!$B$4:$S$21,ROW()-3,COLUMN()-1)*INDEX('Stock Analytics'!$G$5:$G$22,ROW()-3,1)*INDEX('Stock Analytics'!$G$5:$G$22,COLUMN()-1,1)} -> 0.017066452 | I13: {=INDEX('Correlation Matrix'!$B$4:$S$21,ROW()-3,COLUMN()-1)*INDEX('Stock Analytics'!$G$5:$G$22,ROW()-3,1)*INDEX('Stock Analytics'!$G$5:$G$22,COLUMN()-1,1)} -> 0.02160492 | ... S13: {=INDEX('Correlation Matrix'!$B$4:$S$21,ROW()-3,COLUMN()-1)*INDEX('Stock Analytics'!$G$5:$G$22,ROW()-3,1)*INDEX('Stock Analytics'!$G$5:$G$22,COLUMN()-1,1)} -> 0.030531935
A14: PG | B14: {=INDEX('Correlation Matrix'!$B$4:$S$21,ROW()-3,COLUMN()-1)*INDEX('Stock Analytics'!$G$5:$G$22,ROW()-3,1)*INDEX('Stock Analytics'!$G$5:$G$22,COLUMN()-1,1)} -> 0.0074253951 | C14: {=INDEX('Correlation Matrix'!$B$4:$S$21,ROW()-3,COLUMN()-1)*INDEX('Stock Analytics'!$G$5:$G$22,ROW()-3,1)*INDEX('Stock Analytics'!$G$5:$G$22,COLUMN()-1,1)} -> 0.006380538 | D14: {=INDEX('Correlation Matrix'!$B$4:$S$21,ROW()-3,COLUMN()-1)*INDEX('Stock Analytics'!$G$5:$G$22,ROW()-3,1)*INDEX('Stock Analytics'!$G$5:$G$22,COLUMN()-1,1)} -> -0.0039300381 | E14: {=INDEX('Correlation Matrix'!$B$4:$S$21,ROW()-3,COLUMN()-1)*INDEX('Stock Analytics'!$G$5:$G$22,ROW()-3,1)*INDEX('Stock Analytics'!$G$5:$G$22,COLUMN()-1,1)} -> -0.009228625 | F14: {=INDEX('Correlation Matrix'!$B$4:$S$21,ROW()-3,COLUMN()-1)*INDEX('Stock Analytics'!$G$5:$G$22,ROW()-3,1)*INDEX('Stock Analytics'!$G$5:$G$22,COLUMN()-1,1)} -> 0.005874289 | G14: {=INDEX('Correlation Matrix'!$B$4:$S$21,ROW()-3,COLUMN()-1)*INDEX('Stock Analytics'!$G$5:$G$22,ROW()-3,1)*INDEX('Stock Analytics'!$G$5:$G$22,COLUMN()-1,1)} -> 0.0057335735 | H14: {=INDEX('Correlation Matrix'!$B$4:$S$21,ROW()-3,COLUMN()-1)*INDEX('Stock Analytics'!$G$5:$G$22,ROW()-3,1)*INDEX('Stock Analytics'!$G$5:$G$22,COLUMN()-1,1)} -> 0.012893719 | I14: {=INDEX('Correlation Matrix'!$B$4:$S$21,ROW()-3,COLUMN()-1)*INDEX('Stock Analytics'!$G$5:$G$22,ROW()-3,1)*INDEX('Stock Analytics'!$G$5:$G$22,COLUMN()-1,1)} -> 0.010586871 | ... S14: {=INDEX('Correlation Matrix'!$B$4:$S$21,ROW()-3,COLUMN()-1)*INDEX('Stock Analytics'!$G$5:$G$22,ROW()-3,1)*INDEX('Stock Analytics'!$G$5:$G$22,COLUMN()-1,1)} -> 0.01765353
A15: KO | B15: {=INDEX('Correlation Matrix'!$B$4:$S$21,ROW()-3,COLUMN()-1)*INDEX('Stock Analytics'!$G$5:$G$22,ROW()-3,1)*INDEX('Stock Analytics'!$G$5:$G$22,COLUMN()-1,1)} -> 0.0091299603 | C15: {=INDEX('Correlation Matrix'!$B$4:$S$21,ROW()-3,COLUMN()-1)*INDEX('Stock Analytics'!$G$5:$G$22,ROW()-3,1)*INDEX('Stock Analytics'!$G$5:$G$22,COLUMN()-1,1)} -> 0.0027328328 | D15: {=INDEX('Correlation Matrix'!$B$4:$S$21,ROW()-3,COLUMN()-1)*INDEX('Stock Analytics'!$G$5:$G$22,ROW()-3,1)*INDEX('Stock Analytics'!$G$5:$G$22,COLUMN()-1,1)} -> 0.0017541271 | E15: {=INDEX('Correlation Matrix'!$B$4:$S$21,ROW()-3,COLUMN()-1)*INDEX('Stock Analytics'!$G$5:$G$22,ROW()-3,1)*INDEX('Stock Analytics'!$G$5:$G$22,COLUMN()-1,1)} -> -0.0091684611 | F15: {=INDEX('Correlation Matrix'!$B$4:$S$21,ROW()-3,COLUMN()-1)*INDEX('Stock Analytics'!$G$5:$G$22,ROW()-3,1)*INDEX('Stock Analytics'!$G$5:$G$22,COLUMN()-1,1)} -> 0.0042922157 | G15: {=INDEX('Correlation Matrix'!$B$4:$S$21,ROW()-3,COLUMN()-1)*INDEX('Stock Analytics'!$G$5:$G$22,ROW()-3,1)*INDEX('Stock Analytics'!$G$5:$G$22,COLUMN()-1,1)} -> 0.0076679063 | H15: {=INDEX('Correlation Matrix'!$B$4:$S$21,ROW()-3,COLUMN()-1)*INDEX('Stock Analytics'!$G$5:$G$22,ROW()-3,1)*INDEX('Stock Analytics'!$G$5:$G$22,COLUMN()-1,1)} -> 0.016790446 | I15: {=INDEX('Correlation Matrix'!$B$4:$S$21,ROW()-3,COLUMN()-1)*INDEX('Stock Analytics'!$G$5:$G$22,ROW()-3,1)*INDEX('Stock Analytics'!$G$5:$G$22,COLUMN()-1,1)} -> 0.011208124 | ... S15: {=INDEX('Correlation Matrix'!$B$4:$S$21,ROW()-3,COLUMN()-1)*INDEX('Stock Analytics'!$G$5:$G$22,ROW()-3,1)*INDEX('Stock Analytics'!$G$5:$G$22,COLUMN()-1,1)} -> 0.015652495
... A21: HON | B21: {=INDEX('Correlation Matrix'!$B$4:$S$21,ROW()-3,COLUMN()-1)*INDEX('Stock Analytics'!$G$5:$G$22,ROW()-3,1)*INDEX('Stock Analytics'!$G$5:$G$22,COLUMN()-1,1)} -> 0.017070791 | C21: {=INDEX('Correlation Matrix'!$B$4:$S$21,ROW()-3,COLUMN()-1)*INDEX('Stock Analytics'!$G$5:$G$22,ROW()-3,1)*INDEX('Stock Analytics'!$G$5:$G$22,COLUMN()-1,1)} -> 0.014767993 | D21: {=INDEX('Correlation Matrix'!$B$4:$S$21,ROW()-3,COLUMN()-1)*INDEX('Stock Analytics'!$G$5:$G$22,ROW()-3,1)*INDEX('Stock Analytics'!$G$5:$G$22,COLUMN()-1,1)} -> 0.011576818 | E21: {=INDEX('Correlation Matrix'!$B$4:$S$21,ROW()-3,COLUMN()-1)*INDEX('Stock Analytics'!$G$5:$G$22,ROW()-3,1)*INDEX('Stock Analytics'!$G$5:$G$22,COLUMN()-1,1)} -> 0.014875804 | F21: {=INDEX('Correlation Matrix'!$B$4:$S$21,ROW()-3,COLUMN()-1)*INDEX('Stock Analytics'!$G$5:$G$22,ROW()-3,1)*INDEX('Stock Analytics'!$G$5:$G$22,COLUMN()-1,1)} -> 0.025409106 | G21: {=INDEX('Correlation Matrix'!$B$4:$S$21,ROW()-3,COLUMN()-1)*INDEX('Stock Analytics'!$G$5:$G$22,ROW()-3,1)*INDEX('Stock Analytics'!$G$5:$G$22,COLUMN()-1,1)} -> 0.029867654 | H21: {=INDEX('Correlation Matrix'!$B$4:$S$21,ROW()-3,COLUMN()-1)*INDEX('Stock Analytics'!$G$5:$G$22,ROW()-3,1)*INDEX('Stock Analytics'!$G$5:$G$22,COLUMN()-1,1)} -> 0.013130942 | I21: {=INDEX('Correlation Matrix'!$B$4:$S$21,ROW()-3,COLUMN()-1)*INDEX('Stock Analytics'!$G$5:$G$22,ROW()-3,1)*INDEX('Stock Analytics'!$G$5:$G$22,COLUMN()-1,1)} -> 0.0087331015 | ... S21: {=INDEX('Correlation Matrix'!$B$4:$S$21,ROW()-3,COLUMN()-1)*INDEX('Stock Analytics'!$G$5:$G$22,ROW()-3,1)*INDEX('Stock Analytics'!$G$5:$G$22,COLUMN()-1,1)} -> 0.048158361

Sheet Portfolio Optimizer
A1: PORTFOLIO OPTIMIZER — MAX SHARPE RATIO
A2: Risk-Free Rate | B2: 0.0425
A4: Ticker | B4: Expected Return | C4: Annualized Volatility | D4: Weight | E4: Min Weight | F4: Max Weight | G4: Weighted Return | I4: MAX SHARPE | J4: MIN VARIANCE | K4: EQUAL WEIGHT
A5: AAPL | B5: 0.212 | C5: 0.2446 | D5: =1/18 -> 0.055555556 | E5: 0 | F5: 0.3 | G5: =D5*B5 -> 0.011777778 | I5: 0 | J5: 0 | K5: =1/18 -> 0.055555556
A6: MSFT | B6: 0.1073 | C6: 0.2374 | D6: =1/18 -> 0.055555556 | E6: 0 | F6: 0.3 | G6: =D6*B6 -> 0.0059611111 | I6: 0 | J6: 0.084128411 | K6: =1/18 -> 0.055555556
A7: GOOGL | B7: 0.0083 | C7: 0.2852 | D7: =1/18 -> 0.055555556 | E7: 0 | F7: 0.3 | G7: =D7*B7 -> 0.00046111111 | I7: 0 | J7: 0.029819767 | K7: =1/18 -> 0.055555556
A8: AMZN | B8: 0.3043 | C8: 0.3194 | D8: =1/18 -> 0.055555556 | E8: 0 | F8: 0.3 | G8: =D8*B8 -> 0.016905556 | I8: 0.2115 | J8: 0.11584778 | K8: =1/18 -> 0.055555556
A9: JPM | B9: 0.0841 | C9: 0.2383 | D9: =1/18 -> 0.055555556 | E9: 0 | F9: 0.3 | G9: =D9*B9 -> 0.0046722222 | I9: 0 | J9: 0.04252565 | K9: =1/18 -> 0.055555556
A10: BAC | B10: 0.1129 | C10: 0.273 | D10: =1/18 -> 0.055555556 | E10: 0 | F10: 0.3 | G10: =D10*B10 -> 0.0062722222 | I10: 0 | J10: 0 | K10: =1/18 -> 0.055555556
A11: JNJ | B11: 0.213 | C11: 0.1699 | D11: =1/18 -> 0.055555556 | E11: 0 | F11: 0.3 | G11: =D11*B11 -> 0.011833333 | I11: 0.3 | J11: 0.23142578 | K11: =1/18 -> 0.055555556
A12: UNH | B12: 0.3691 | C12: 0.3057 | D12: =1/18 -> 0.055555556 | E12: 0 | F12: 0.3 | G12: =D12*B12 -> 0.020505556 | I12: 0.2239 | J12: 0.037091271 | K12: =1/18 -> 0.055555556
A13: XOM | B13: 0.0807 | C13: 0.2657 | D13: =1/18 -> 0.055555556 | E13: 0 | F13: 0.3 | G13: =D13*B13 -> 0.0044833333 | I13: 0 | J13: 0.093454439 | K13: =1/18 -> 0.055555556
A14: CVX | B14: 0.1245 | C14: 0.2707 | D14: =1/18 -> 0.055555556 | E14: 0 | F14: 0.3 | G14: =D14*B14 -> 0.0069166667 | I14: 0 | J14: 0 | K14: =1/18 -> 0.055555556
A15: PG | B15: 0.0178 | C15: 0.1748 | D15: =1/18 -> 0.055555556 | E15: 0 | F15: 0.3 | G15: =D15*B15 -> 0.00098888889 | I15: 0 | J15: 0.20803182 | K15: =1/18 -> 0.055555556
A16: KO | B16: 0.1394 | C16: 0.1683 | D16: =1/18 -> 0.055555556 | E16: 0 | F16: 0.3 | G16: =D16*B16 -> 0.0077444444 | I16: 0 | J16: 0.069407952 | K16: =1/18 -> 0.055555556
... A22: HON | B22: 0.3144 | C22: 0.2195 | D22: =1/18 -> 0.055555556 | E22: 0 | F22: 0.3 | G22: =D22*B22 -> 0.017466667 | I22: 0.2646 | J22: 0 | K22: =1/18 -> 0.055555556
A27: PORTFOLIO STATISTICS
A28: Portfolio Return: | B28: =SUM(G5:G22) -> 0.15716667 | I28: 0.294 | J28: 0.1437 | K28: 0.1572
A29: Portfolio Variance: | B29: =SUMPRODUCT(D5:D22,MMULT('Covariance Matrix'!B4:S21,D5:D22)) -> 0.02071588
A30: Portfolio Volatility: | B30: =SQRT(B29) -> 0.14393012 | I30: 0.1411 | J30: 0.1114 | K30: 0.1439
A31: Risk-Free Rate: | B31: =B2 -> 0.0425
A32: Sharpe Ratio: | B32: =(B28-B31)/B30 -> 0.79668289 | I32: 1.7831 | J32: 0.9081 | K32: 0.7967
A33: Sum of Weights: | B33: =SUM(D5:D22) -> 1
A35: CONSTRAINTS
A36: Weights sum to exactly: | B36: 1
A37: Minimum per stock: | B37: 0
A38: Maximum per stock: | B38: 0.3

Sheet Efficient Frontier
A1: EFFICIENT FRONTIER — 18 STOCK PORTFOLIO (Mar 2021 – Feb 2026)
A3: Point | B3: Target Return | C3: Min Volatility | D3: Sharpe Ratio | E3: Portfolio Type
A4: 1 | B4: 0.08 | C4: 0.128 | D4: 0.2929
A5: 2 | B5: 0.09 | C5: 0.1213 | D5: 0.3914
A6: 3 | B6: 0.1 | C6: 0.1164 | D6: 0.4938
A7: 4 | B7: 0.11 | C7: 0.114 | D7: 0.5919
A8: 5 | B8: 0.12 | C8: 0.1125 | D8: 0.6891
A9: 6 | B9: 0.13 | C9: 0.1117 | D9: 0.7837
A10: 7 | B10: 0.14 | C10: 0.1114 | D10: 0.8752
A11: 8 | B11: 0.15 | C11: 0.1116 | D11: 0.9633 | E11: Min Variance
A12: 9 | B12: 0.16 | C12: 0.1122 | D12: 1.0468
A13: 10 | B13: 0.17 | C13: 0.1133 | D13: 1.1249 | E13: Equal Weight
A14: 11 | B14: 0.18 | C14: 0.1149 | D14: 1.1971
A15: 12 | B15: 0.19 | C15: 0.1168 | D15: 1.2626
A16: 13 | B16: 0.2 | C16: 0.1192 | D16: 1.321
A17: 14 | B17: 0.21 | C17: 0.1222 | D17: 1.3708
A18: 15 | B18: 0.22 | C18: 0.1259 | D18: 1.4101
A19: 16 | B19: 0.23 | C19: 0.1302 | D19: 1.4399
A20: 17 | B20: 0.24 | C20: 0.1352 | D20: 1.4612
A21: 18 | B21: 0.25 | C21: 0.1409 | D21: 1.4724
A22: 19 | B22: 0.26 | C22: 0.1473 | D22: 1.4764 | E22: Max Sharpe
A23: 20 | B23: 0.27 | C23: 0.1544 | D23: 1.4738
A24: 21 | B24: 0.28 | C24: 0.1622 | D24: 1.4645
A25: 22 | B25: 0.29 | C25: 0.1708 | D25: 1.449
A26: 23 | B26: 0.3 | C26: 0.1801 | D26: 1.4295
A27: 24 | B27: 0.31 | C27: 0.19 | D27: 1.4075
A28: 25 | B28: 0.32 | C28: 0.2006 | D28: 1.3834
A29: 26 | B29: 0.33 | C29: 0.212 | D29: 1.3585
A30: 27 | B30: 0.34 | C30: 0.2241 | D30: 1.3293
A31: 28 | B31: 0.35 | C31: 0.237 | D31: 1.2975
A32: 29 | B32: 0.36 | C32: 0.2507 | D32: 1.264
A33: 30 | B33: 0.37 | C33: 0.2651 | D33: 1.2259

Sheet Portfolio Weights
A1: Ticker | B1: Portfolio | C1: Weight
A2: AAPL | B2: Max Sharpe | C2: 0
A3: MSFT | B3: Max Sharpe | C3: 0
A4: GOOGL | B4: Max Sharpe | C4: 0.3
A5: AMZN | B5: Max Sharpe | C5: 0
A6: JPM | B6: Max Sharpe | C6: 0.1015
A7: BAC | B7: Max Sharpe | C7: 0
A8: JNJ | B8: Max Sharpe | C8: 0.0414
A9: UNH | B9: Max Sharpe | C9: 0
A10: XOM | B10: Max Sharpe | C10: 0.3
A11: CVX | B11: Max Sharpe | C11: 0
A12: PG | B12: Max Sharpe | C12: 0
A13: KO | B13: Max Sharpe | C13: 0.1642
... A55: HON | B55: Equal Weight | C55: 0.0556

Sheet Stock Data
A1: Ticker | B1: Company | C1: Sector | D1: Ann_Return | E1: Ann_Volatility | F1: Sharpe_Ratio | G1: Beta
A2: AAPL | B2: Apple Inc. | C2: Technology | D2: 0.212 | E2: 0.2446 | F2: 0.6931 | G2: 1.2
A3: MSFT | B3: Microsoft Corp. | C3: Technology | D3: 0.1442 | E3: 0.2374 | F3: 0.4286 | G3: 1.1
A4: GOOGL | B4: Alphabet Inc. | C4: Technology | D4: 0.3043 | E4: 0.2852 | F4: 0.9181 | G4: 1.15
A5: AMZN | B5: Amazon.com Inc. | C5: Consumer Disc. | D5: 0.1129 | E5: 0.3194 | F5: 0.2204 | G5: 1.3
A6: JPM | B6: JPMorgan Chase | C6: Financials | D6: 0.2085 | E6: 0.2383 | F6: 0.6965 | G6: 1.25
A7: BAC | B7: Bank of America | C7: Financials | D7: 0.1245 | E7: 0.273 | F7: 0.3005 | G7: 1.35
A8: JNJ | B8: Johnson & Johnson | C8: Healthcare | D8: 0.1314 | E8: 0.1699 | F8: 0.5232 | G8: 0.65
A9: UNH | B9: UnitedHealth Group | C9: Healthcare | D9: 0.0083 | E9: 0.3057 | F9: -0.112 | G9: 0.8
A10: XOM | B10: Exxon Mobil | C10: Energy | D10: 0.3144 | E10: 0.2657 | F10: 1.0234 | G10: 0.95
A11: CVX | B11: Chevron Corp. | C11: Energy | D11: 0.213 | E11: 0.2707 | F11: 0.6297 | G11: 0.9
A12: PG | B12: Procter & Gamble | C12: Consumer Staples | D12: 0.0841 | E12: 0.1748 | F12: 0.2379 | G12: 0.55
A13: KO | B13: Coca-Cola Co. | C13: Consumer Staples | D13: 0.1394 | E13: 0.1683 | F13: 0.5756 | G13: 0.52
... A19: HON | B19: Honeywell Intl. | C19: Industrials | D19: 0.0807 | E19: 0.2195 | F19: 0.174 | G19: 1.05

Sheet Portfolio Summary
A1: Portfolio | B1: Return | C1: Volatility | D1: Sharpe
A2: Ma xSharpe | B2: 0.2611 | C2: 0.1481 | D2: 1.4764
A3: Min Variance | B3: 0.15 | C3: 0.1116 | D3: 0.9633
A4: Equal Weight | B4: 0.1572 | C4: 0.1439 | D4: 0.7967

Sheet Monte Carlo
A1: MONTE CARLO SIMULATION — MAX SHARPE PORTFOLIO
A2: Initial Investment: | B2: 10000
A3: Monthly Return (μ): | B3: =0.2611/12 -> 0.021758333
A4: Monthly Volatility (σ): | B4: =0.1481/SQRT(12) -> 0.042752787
A5: Simulations: | B5: 1000
A6: Months: | B6: 60
A7: Risk-Free Rate (annual): | B7: 0.0425
A12: Month | B12: Sim 1 | C12: Sim 2 | D12: Sim 3 | E12: Sim 4 | F12: Sim 5 | G12: Sim 6 | H12: Sim 7 | I12: Sim 8 | J12: Sim 9 | K12: Sim 10 | L12: Sim 11 | M12: Sim 12 | N12: Sim 13 | O12: Sim 14 | P12: Sim 15 | Q12: Sim 16 | R12: Sim 17 | S12: Sim 18 | T12: Sim 19 | U12: Sim 20 | V12: Sim 21 | W12: Sim 22 | X12: Sim 23 | Y12: Sim 24 | Z12: Sim 25 | AA12: Sim 26 | AB12: Sim 27 | AC12: Sim 28 | AD12: Sim 29 | AE12: Sim 30 | AF12: Sim 31 | AG12: Sim 32 | AH12: Sim 33 | AI12: Sim 34 | AJ12: Sim 35 | AK12: Sim 36 | AL12: Sim 37 | AM12: Sim 38 | AN12: Sim 39 | AO12: Sim 40 | AP12: Sim 41 | AQ12: Sim 42 | AR12: Sim 43 | AS12: Sim 44 | AT12: Sim 45 | AU12: Sim 46 | AV12: Sim 47 | AW12: Sim 48 | AX12: Sim 49 | AY12: Sim 50 | AZ12: Sim 51 | BA12: Sim 52 | BB12: Sim 53 | BC12: Sim 54 | BD12: Sim 55 | BE12: Sim 56 | BF12: Sim 57 | BG12: Sim 58 | BH12: Sim 59 | BI12: Sim 60 | BJ12: Sim 61 | BK12: Sim 62 | BL12: Sim 63 | BM12: Sim 64 | BN12: Sim 65 | BO12: Sim 66 | BP12: Sim 67 | BQ12: Sim 68 | BR12: Sim 69 | BS12: Sim 70 | BT12: Sim 71 | BU12: Sim 72 | BV12: Sim 73 | BW12: Sim 74 | BX12: Sim 75 | BY12: Sim 76 | BZ12: Sim 77 | CA12: Sim 78 | CB12: Sim 79 | CC12: Sim 80 | CD12: Sim 81 | CE12: Sim 82 | CF12: Sim 83 | CG12: Sim 84 | CH12: Sim 85 | CI12: Sim 86 | CJ12: Sim 87 | CK12: Sim 88 | CL12: Sim 89 | CM12: Sim 90 | CN12: Sim 91 | CO12: Sim 92 | CP12: Sim 93 | CQ12: Sim 94 | CR12: Sim 95 | CS12: Sim 96 | CT12: Sim 97 | CU12: Sim 98 | CV12: Sim 99 | CW12: Sim 100 | CX12: Sim 101 | CY12: Sim 102 | CZ12: Sim 103 | DA12: Sim 104 | DB12: Sim 105 | DC12: Sim 106 | DD12: Sim 107 | DE12: Sim 108 | DF12: Sim 109 | DG12: Sim 110 | DH12: Sim 111 | DI12: Sim 112 | DJ12: Sim 113 | DK12: Sim 114 | DL12: Sim 115 | DM12: Sim 116 | DN12: Sim 117 | DO12: Sim 118 | DP12: Sim 119 | DQ12: Sim 120 | DR12: Sim 121 | DS12: Sim 122 | DT12: Sim 123 | DU12: Sim 124 | DV12: Sim 125 | DW12: Sim 126 | DX12: Sim 127 | DY12: Sim 128 | DZ12: Sim 129 | EA12: Sim 130 | EB12: Sim 131 | EC12: Sim 132 | ED12: Sim 133 | EE12: Sim 134 | EF12: Sim 135 | EG12: Sim 136 | EH12: Sim 137 | EI12: Sim 138 | EJ12: Sim 139 | EK12: Sim 140 | EL12: Sim 141 | EM12: Sim 142 | EN12: Sim 143 | EO12: Sim 144 | EP12: Sim 145 | EQ12: Sim 146 | ER12: Sim 147 | ES12: Sim 148 | ET12: Sim 149 | EU12: Sim 150 | EV12: Sim 151 | EW12: Sim 152 | EX12: Sim 153 | EY12: Sim 154 | EZ12: Sim 155 | FA12: Sim 156 | FB12: Sim 157 | FC12: Sim 158 | FD12: Sim 159 | FE12: Sim 160 | FF12: Sim 161 | FG12: Sim 162 | FH12: Sim 163 | FI12: Sim 164 | FJ12: Sim 165 | FK12: Sim 166 | FL12: Sim 167 | FM12: Sim 168 | FN12: Sim 169 | FO12: Sim 170 | FP12: Sim 171 | FQ12: Sim 172 | FR12: Sim 173 | FS12: Sim 174 | FT12: Sim 175 | FU12: Sim 176 | FV12: Sim 177 | FW12: Sim 178 | FX12: Sim 179 | FY12: Sim 180 | FZ12: Sim 181 | GA12: Sim 182 | GB12: Sim 183 | GC12: Sim 184 | GD12: Sim 185 | GE12: Sim 186 | GF12: Sim 187 | GG12: Sim 188 | GH12: Sim 189 | GI12: Sim 190 | GJ12: Sim 191 | GK12: Sim 192 | GL12: Sim 193 | GM12: Sim 194 | GN12: Sim 195 | GO12: Sim 196 | GP12: Sim 197 | GQ12: Sim 198 | GR12: Sim 199 | GS12: Sim 200 | GT12: Sim 201 | GU12: Sim 202 | GV12: Sim 203 | GW12: Sim 204 | GX12: Sim 205 | GY12: Sim 206 | GZ12: Sim 207 | HA12: Sim 208 | HB12: Sim 209 | HC12: Sim 210 | HD12: Sim 211 | HE12: Sim 212 | HF12: Sim 213 | HG12: Sim 214 | HH12: Sim 215 | HI12: Sim 216 | HJ12: Sim 217 | HK12: Sim 218 | HL12: Sim 219 | HM12: Sim 220 | HN12: Sim 221 | HO12: Sim 222 | HP12: Sim 223 | HQ12: Sim 224 | HR12: Sim 225 | HS12: Sim 226 | HT12: Sim 227 | HU12: Sim 228 | HV12: Sim 229 | HW12: Sim 230 | HX12: Sim 231 | HY12: Sim 232 | HZ12: Sim 233 | IA12: Sim 234 | IB12: Sim 235 | IC12: Sim 236 | ID12: Sim 237 | IE12: Sim 238 | IF12: Sim 239 | IG12: Sim 240 | IH12: Sim 241 | II12: Sim 242 | IJ12: Sim 243 | IK12: Sim 244 | IL12: Sim 245 | IM12: Sim 246 | IN12: Sim 247 | IO12: Sim 248 | IP12: Sim 249 | IQ12: Sim 250 | IR12: Sim 251 | IS12: Sim 252 | IT12: Sim 253 | IU12: Sim 254 | IV12: Sim 255 | IW12: Sim 256 | IX12: Sim 257 | IY12: Sim 258 | IZ12: Sim 259 | JA12: Sim 260 | JB12: Sim 261 | JC12: Sim 262 | JD12: Sim 263 | JE12: Sim 264 | JF12: Sim 265 | JG12: Sim 266 | JH12: Sim 267 | JI12: Sim 268 | JJ12: Sim 269 | JK12: Sim 270 | JL12: Sim 271 | JM12: Sim 272 | JN12: Sim 273 | JO12: Sim 274 | JP12: Sim 275 | JQ12: Sim 276 | JR12: Sim 277 | JS12: Sim 278 | JT12: Sim 279 | JU12: Sim 280 | JV12: Sim 281 | JW12: Sim 282 | JX12: Sim 283 | JY12: Sim 284 | JZ12: Sim 285 | KA12: Sim 286 | KB12: Sim 287 | KC12: Sim 288 | KD12: Sim 289 | KE12: Sim 290 | KF12: Sim 291 | KG12: Sim 292 | KH12: Sim 293 | KI12: Sim 294 | KJ12: Sim 295 | KK12: Sim 296 | KL12: Sim 297 | KM12: Sim 298 | KN12: Sim 299 | KO12: Sim 300 | KP12: Sim 301 | KQ12: Sim 302 | KR12: Sim 303 | KS12: Sim 304 | KT12: Sim 305 | KU12: Sim 306 | KV12: Sim 307 | KW12: Sim 308 | KX12: Sim 309 | KY12: Sim 310 | KZ12: Sim 311 | LA12: Sim 312 | LB12: Sim 313 | LC12: Sim 314 | LD12: Sim 315 | LE12: Sim 316 | LF12: Sim 317 | LG12: Sim 318 | LH12: Sim 319 | LI12: Sim 320 | LJ12: Sim 321 | LK12: Sim 322 | LL12: Sim 323 | LM12: Sim 324 | LN12: Sim 325 | LO12: Sim 326 | LP12: Sim 327 | LQ12: Sim 328 | LR12: Sim 329 | LS12: Sim 330 | LT12: Sim 331 | LU12: Sim 332 | LV12: Sim 333 | LW12: Sim 334 | LX12: Sim 335 | LY12: Sim 336 | LZ12: Sim 337 | MA12: Sim 338 | MB12: Sim 339 | MC12: Sim 340 | MD12: Sim 341 | ME12: Sim 342 | MF12: Sim 343 | MG12: Sim 344 | MH12: Sim 345 | MI12: Sim 346 | MJ12: Sim 347 | MK12: Sim 348 | ML12: Sim 349 | MM12: Sim 350 | MN12: Sim 351 | MO12: Sim 352 | MP12: Sim 353 | MQ12: Sim 354 | MR12: Sim 355 | MS12: Sim 356 | MT12: Sim 357 | MU12: Sim 358 | MV12: Sim 359 | MW12: Sim 360 | MX12: Sim 361 | MY12: Sim 362 | MZ12: Sim 363 | NA12: Sim 364 | NB12: Sim 365 | NC12: Sim 366 | ND12: Sim 367 | NE12: Sim 368 | NF12: Sim 369 | NG12: Sim 370 | NH12: Sim 371 | NI12: Sim 372 | NJ12: Sim 373 | NK12: Sim 374 | NL12: Sim 375 | NM12: Sim 376 | NN12: Sim 377 | NO12: Sim 378 | NP12: Sim 379 | NQ12: Sim 380 | NR12: Sim 381 | NS12: Sim 382 | NT12: Sim 383 | NU12: Sim 384 | NV12: Sim 385 | NW12: Sim 386 | NX12: Sim 387 | NY12: Sim 388 | NZ12: Sim 389 | OA12: Sim 390 | OB12: Sim 391 | OC12: Sim 392 | OD12: Sim 393 | OE12: Sim 394 | OF12: Sim 395 | OG12: Sim 396 | OH12: Sim 397 | OI12: Sim 398 | OJ12: Sim 399 | OK12: Sim 400 | OL12: Sim 401 | OM12: Sim 402 | ON12: Sim 403 | OO12: Sim 404 | OP12: Sim 405 | OQ12: Sim 406 | OR12: Sim 407 | OS12: Sim 408 | OT12: Sim 409 | OU12: Sim 410 | OV12: Sim 411 | OW12: Sim 412 | OX12: Sim 413 | OY12: Sim 414 | OZ12: Sim 415 | PA12: Sim 416 | PB12: Sim 417 | PC12: Sim 418 | PD12: Sim 419 | PE12: Sim 420 | PF12: Sim 421 | PG12: Sim 422 | PH12: Sim 423 | PI12: Sim 424 | PJ12: Sim 425 | PK12: Sim 426 | PL12: Sim 427 | PM12: Sim 428 | PN12: Sim 429 | PO12: Sim 430 | PP12: Sim 431 | PQ12: Sim 432 | PR12: Sim 433 | PS12: Sim 434 | PT12: Sim 435 | PU12: Sim 436 | PV12: Sim 437 | PW12: Sim 438 | PX12: Sim 439 | PY12: Sim 440 | PZ12: Sim 441 | QA12: Sim 442 | QB12: Sim 443 | QC12: Sim 444 | QD12: Sim 445 | QE12: Sim 446 | QF12: Sim 447 | QG12: Sim 448 | QH12: Sim 449 | QI12: Sim 450 | QJ12: Sim 451 | QK12: Sim 452 | QL12: Sim 453 | QM12: Sim 454 | QN12: Sim 455 | QO12: Sim 456 | QP12: Sim 457 | QQ12: Sim 458 | QR12: Sim 459 | QS12: Sim 460 | QT12: Sim 461 | QU12: Sim 462 | QV12: Sim 463 | QW12: Sim 464 | QX12: Sim 465 | QY12: Sim 466 | QZ12: Sim 467 | RA12: Sim 468 | RB12: Sim 469 | RC12: Sim 470 | RD12: Sim 471 | RE12: Sim 472 | RF12: Sim 473 | RG12: Sim 474 | RH12: Sim 475 | RI12: Sim 476 | RJ12: Sim 477 | RK12: Sim 478 | RL12: Sim 479 | RM12: Sim 480 | RN12: Sim 481 | RO12: Sim 482 | RP12: Sim 483 | RQ12: Sim 484 | RR12: Sim 485 | RS12: Sim 486 | RT12: Sim 487 | RU12: Sim 488 | RV12: Sim 489 | RW12: Sim 490 | RX12: Sim 491 | RY12: Sim 492 | RZ12: Sim 493 | SA12: Sim 494 | SB12: Sim 495 | SC12: Sim 496 | SD12: Sim 497 | SE12: Sim 498 | SF12: Sim 499 | SG12: Sim 500 | SH12: Sim 501 | SI12: Sim 502 | SJ12: Sim 503 | SK12: Sim 504 | SL12: Sim 505 | SM12: Sim 506 | SN12: Sim 507 | SO12: Sim 508 | SP12: Sim 509 | SQ12: Sim 510 | SR12: Sim 511 | SS12: Sim 512 | ST12: Sim 513 | SU12: Sim 514 | SV12: Sim 515 | SW12: Sim 516 | SX12: Sim 517 | SY12: Sim 518 | SZ12: Sim 519 | TA12: Sim 520 | TB12: Sim 521 | TC12: Sim 522 | TD12: Sim 523 | TE12: Sim 524 | TF12: Sim 525 | TG12: Sim 526 | TH12: Sim 527 | TI12: Sim 528 | TJ12: Sim 529 | TK12: Sim 530 | TL12: Sim 531 | TM12: Sim 532 | TN12: Sim 533 | TO12: Sim 534 | TP12: Sim 535 | TQ12: Sim 536 | TR12: Sim 537 | TS12: Sim 538 | TT12: Sim 539 | TU12: Sim 540 | TV12: Sim 541 | TW12: Sim 542 | TX12: Sim 543 | TY12: Sim 544 | TZ12: Sim 545 | UA12: Sim 546 | UB12: Sim 547 | UC12: Sim 548 | UD12: Sim 549 | UE12: Sim 550 | UF12: Sim 551 | UG12: Sim 552 | UH12: Sim 553 | UI12: Sim 554 | UJ12: Sim 555 | UK12: Sim 556 | UL12: Sim 557 | UM12: Sim 558 | UN12: Sim 559 | UO12: Sim 560 | UP12: Sim 561 | UQ12: Sim 562 | UR12: Sim 563 | US12: Sim 564 | UT12: Sim 565 | UU12: Sim 566 | UV12: Sim 567 | UW12: Sim 568 | UX12: Sim 569 | UY12: Sim 570 | UZ12: Sim 571 | VA12: Sim 572 | VB12: Sim 573 | VC12: Sim 574 | VD12: Sim 575 | VE12: Sim 576 | VF12: Sim 577 | VG12: Sim 578 | VH12: Sim 579 | VI12: Sim 580 | VJ12: Sim 581 | VK12: Sim 582 | VL12: Sim 583 | VM12: Sim 584 | VN12: Sim 585 | VO12: Sim 586 | VP12: Sim 587 | VQ12: Sim 588 | VR12: Sim 589 | VS12: Sim 590 | VT12: Sim 591 | VU12: Sim 592 | VV12: Sim 593 | VW12: Sim 594 | VX12: Sim 595 | VY12: Sim 596 | VZ12: Sim 597 | WA12: Sim 598 | WB12: Sim 599 | WC12: Sim 600 | WD12: Sim 601 | WE12: Sim 602 | WF12: Sim 603 | WG12: Sim 604 | WH12: Sim 605 | WI12: Sim 606 | WJ12: Sim 607 | WK12: Sim 608 | WL12: Sim 609 | WM12: Sim 610 | WN12: Sim 611 | WO12: Sim 612 | WP12: Sim 613 | WQ12: Sim 614 | WR12: Sim 615 | WS12: Sim 616 | WT12: Sim 617 | WU12: Sim 618 | WV12: Sim 619 | WW12: Sim 620 | WX12: Sim 621 | WY12: Sim 622 | WZ12: Sim 623 | XA12: Sim 624 | XB12: Sim 625 | XC12: Sim 626 | XD12: Sim 627 | XE12: Sim 628 | XF12: Sim 629 | XG12: Sim 630 | XH12: Sim 631 | XI12: Sim 632 | XJ12: Sim 633 | XK12: Sim 634 | XL12: Sim 635 | XM12: Sim 636 | XN12: Sim 637 | XO12: Sim 638 | XP12: Sim 639 | XQ12: Sim 640 | XR12: Sim 641 | XS12: Sim 642 | XT12: Sim 643 | XU12: Sim 644 | XV12: Sim 645 | XW12: Sim 646 | XX12: Sim 647 | XY12: Sim 648 | XZ12: Sim 649 | YA12: Sim 650 | YB12: Sim 651 | YC12: Sim 652 | YD12: Sim 653 | YE12: Sim 654 | YF12: Sim 655 | YG12: Sim 656 | YH12: Sim 657 | YI12: Sim 658 | YJ12: Sim 659 | YK12: Sim 660 | YL12: Sim 661 | YM12: Sim 662 | YN12: Sim 663 | YO12: Sim 664 | YP12: Sim 665 | YQ12: Sim 666 | YR12: Sim 667 | YS12: Sim 668 | YT12: Sim 669 | YU12: Sim 670 | YV12: Sim 671 | YW12: Sim 672 | YX12: Sim 673 | YY12: Sim 674 | YZ12: Sim 675 | ZA12: Sim 676 | ZB12: Sim 677 | ZC12: Sim 678 | ZD12: Sim 679 | ZE12: Sim 680 | ZF12: Sim 681 | ZG12: Sim 682 | ZH12: Sim 683 | ZI12: Sim 684 | ZJ12: Sim 685 | ZK12: Sim 686 | ZL12: Sim 687 | ZM12: Sim 688 | ZN12: Sim 689 | ZO12: Sim 690 | ZP12: Sim 691 | ZQ12: Sim 692 | ZR12: Sim 693 | ZS12: Sim 694 | ZT12: Sim 695 | ZU12: Sim 696 | ZV12: Sim 697 | ZW12: Sim 698 | ZX12: Sim 699 | ZY12: Sim 700 | ZZ12: Sim 701 | AAA12: Sim 702 | AAB12: Sim 703 | AAC12: Sim 704 | AAD12: Sim 705 | AAE12: Sim 706 | AAF12: Sim 707 | AAG12: Sim 708 | AAH12: Sim 709 | AAI12: Sim 710 | AAJ12: Sim 711 | AAK12: Sim 712 | AAL12: Sim 713 | AAM12: Sim 714 | AAN12: Sim 715 | AAO12: Sim 716 | AAP12: Sim 717 | AAQ12: Sim 718 | AAR12: Sim 719 | AAS12: Sim 720 | AAT12: Sim 721 | AAU12: Sim 722 | AAV12: Sim 723 | AAW12: Sim 724 | AAX12: Sim 725 | AAY12: Sim 726 | AAZ12: Sim 727 | ABA12: Sim 728 | ABB12: Sim 729 | ABC12: Sim 730 | ABD12: Sim 731 | ABE12: Sim 732 | ABF12: Sim 733 | ABG12: Sim 734 | ABH12: Sim 735 | ABI12: Sim 736 | ABJ12: Sim 737 | ABK12: Sim 738 | ABL12: Sim 739 | ABM12: Sim 740 | ABN12: Sim 741 | ABO12: Sim 742 | ABP12: Sim 743 | ABQ12: Sim 744 | ABR12: Sim 745 | ABS12: Sim 746 | ABT12: Sim 747 | ABU12: Sim 748 | ABV12: Sim 749 | ABW12: Sim 750 | ABX12: Sim 751 | ABY12: Sim 752 | ABZ12: Sim 753 | ACA12: Sim 754 | ACB12: Sim 755 | ACC12: Sim 756 | ACD12: Sim 757 | ACE12: Sim 758 | ACF12: Sim 759 | ACG12: Sim 760 | ACH12: Sim 761 | ACI12: Sim 762 | ACJ12: Sim 763 | ACK12: Sim 764 | ACL12: Sim 765 | ACM12: Sim 766 | ACN12: Sim 767 | ACO12: Sim 768 | ACP12: Sim 769 | ACQ12: Sim 770 | ACR12: Sim 771 | ACS12: Sim 772 | ACT12: Sim 773 | ACU12: Sim 774 | ACV12: Sim 775 | ACW12: Sim 776 | ACX12: Sim 777 | ACY12: Sim 778 | ACZ12: Sim 779 | ADA12: Sim 780 | ADB12: Sim 781 | ADC12: Sim 782 | ADD12: Sim 783 | ADE12: Sim 784 | ADF12: Sim 785 | ADG12: Sim 786 | ADH12: Sim 787 | ADI12: Sim 788 | ADJ12: Sim 789 | ADK12: Sim 790 | ADL12: Sim 791 | ADM12: Sim 792 | ADN12: Sim 793 | ADO12: Sim 794 | ADP12: Sim 795 | ADQ12: Sim 796 | ADR12: Sim 797 | ADS12: Sim 798 | ADT12: Sim 799 | ADU12: Sim 800 | ADV12: Sim 801 | ADW12: Sim 802 | ADX12: Sim 803 | ADY12: Sim 804 | ADZ12: Sim 805 | AEA12: Sim 806 | AEB12: Sim 807 | AEC12: Sim 808 | AED12: Sim 809 | AEE12: Sim 810 | AEF12: Sim 811 | AEG12: Sim 812 | AEH12: Sim 813 | AEI12: Sim 814 | AEJ12: Sim 815 | AEK12: Sim 816 | AEL12: Sim 817 | AEM12: Sim 818 | AEN12: Sim 819 | AEO12: Sim 820 | AEP12: Sim 821 | AEQ12: Sim 822 | AER12: Sim 823 | AES12: Sim 824 | AET12: Sim 825 | AEU12: Sim 826 | AEV12: Sim 827 | AEW12: Sim 828 | AEX12: Sim 829 | AEY12: Sim 830 | AEZ12: Sim 831 | AFA12: Sim 832 | AFB12: Sim 833 | AFC12: Sim 834 | AFD12: Sim 835 | AFE12: Sim 836 | AFF12: Sim 837 | AFG12: Sim 838 | AFH12: Sim 839 | AFI12: Sim 840 | AFJ12: Sim 841 | AFK12: Sim 842 | AFL12: Sim 843 | AFM12: Sim 844 | AFN12: Sim 845 | AFO12: Sim 846 | AFP12: Sim 847 | AFQ12: Sim 848 | AFR12: Sim 849 | AFS12: Sim 850 | AFT12: Sim 851 | AFU12: Sim 852 | AFV12: Sim 853 | AFW12: Sim 854 | AFX12: Sim 855 | AFY12: Sim 856 | AFZ12: Sim 857 | AGA12: Sim 858 | AGB12: Sim 859 | AGC12: Sim 860 | AGD12: Sim 861 | AGE12: Sim 862 | AGF12: Sim 863 | AGG12: Sim 864 | AGH12: Sim 865 | AGI12: Sim 866 | AGJ12: Sim 867 | AGK12: Sim 868 | AGL12: Sim 869 | AGM12: Sim 870 | AGN12: Sim 871 | AGO12: Sim 872 | AGP12: Sim 873 | AGQ12: Sim 874 | AGR12: Sim 875 | AGS12: Sim 876 | AGT12: Sim 877 | AGU12: Sim 878 | AGV12: Sim 879 | AGW12: Sim 880 | AGX12: Sim 881 | AGY12: Sim 882 | AGZ12: Sim 883 | AHA12: Sim 884 | AHB12: Sim 885 | AHC12: Sim 886 | AHD12: Sim 887 | AHE12: Sim 888 | AHF12: Sim 889 | AHG12: Sim 890 | AHH12: Sim 891 | AHI12: Sim 892 | AHJ12: Sim 893 | AHK12: Sim 894 | AHL12: Sim 895 | AHM12: Sim 896 | AHN12: Sim 897 | AHO12: Sim 898 | AHP12: Sim 899 | AHQ12: Sim 900 | AHR12: Sim 901 | AHS12: Sim 902 | AHT12: Sim 903 | AHU12: Sim 904 | AHV12: Sim 905 | AHW12: Sim 906 | AHX12: Sim 907 | AHY12: Sim 908 | AHZ12: Sim 909 | AIA12: Sim 910 | AIB12: Sim 911 | AIC12: Sim 912 | AID12: Sim 913 | AIE12: Sim 914 | AIF12: Sim 915 | AIG12: Sim 916 | AIH12: Sim 917 | AII12: Sim 918 | AIJ12: Sim 919 | AIK12: Sim 920 | AIL12: Sim 921 | AIM12: Sim 922 | AIN12: Sim 923 | AIO12: Sim 924 | AIP12: Sim 925 | AIQ12: Sim 926 | AIR12: Sim 927 | AIS12: Sim 928 | AIT12: Sim 929 | AIU12: Sim 930 | AIV12: Sim 931 | AIW12: Sim 932 | AIX12: Sim 933 | AIY12: Sim 934 | AIZ12: Sim 935 | AJA12: Sim 936 | AJB12: Sim 937 | AJC12: Sim 938 | AJD12: Sim 939 | AJE12: Sim 940 | AJF12: Sim 941 | AJG12: Sim 942 | AJH12: Sim 943 | AJI12: Sim 944 | AJJ12: Sim 945 | AJK12: Sim 946 | AJL12: Sim 947 | AJM12: Sim 948 | AJN12: Sim 949 | AJO12: Sim 950 | AJP12: Sim 951 | AJQ12: Sim 952 | AJR12: Sim 953 | AJS12: Sim 954 | AJT12: Sim 955 | AJU12: Sim 956 | AJV12: Sim 957 | AJW12: Sim 958 | AJX12: Sim 959 | AJY12: Sim 960 | AJZ12: Sim 961 | AKA12: Sim 962 | AKB12: Sim 963 | AKC12: Sim 964 | AKD12: Sim 965 | AKE12: Sim 966 | AKF12: Sim 967 | AKG12: Sim 968 | AKH12: Sim 969 | AKI12: Sim 970 | AKJ12: Sim 971 | AKK12: Sim 972 | AKL12: Sim 973 | AKM12: Sim 974 | AKN12: Sim 975 | AKO12: Sim 976 | AKP12: Sim 977 | AKQ12: Sim 978 | AKR12: Sim 979 | AKS12: Sim 980 | AKT12: Sim 981 | AKU12: Sim 982 | AKV12: Sim 983 | AKW12: Sim 984 | AKX12: Sim 985 | AKY12: Sim 986 | AKZ12: Sim 987 | ALA12: Sim 988 | ALB12: Sim 989 | ALC12: Sim 990 | ALD12: Sim 991 | ALE12: Sim 992 | ALF12: Sim 993 | ALG12: Sim 994 | ALH12: Sim 995 | ALI12: Sim 996 | ALJ12: Sim 997 | ALK12: Sim 998 | ALL12: Sim 999 | ALM12: Sim 1000
A13: 0 | B13: 10000 | C13: 10000 | D13: 10000 | E13: 10000 | F13: 10000 | G13: 10000 | H13: 10000 | I13: 10000 | J13: 10000 | K13: 10000 | L13: 10000 | M13: 10000 | N13: 10000 | O13: 10000 | P13: 10000 | Q13: 10000 | R13: 10000 | S13: 10000 | T13: 10000 | U13: 10000 | V13: 10000 | W13: 10000 | X13: 10000 | Y13: 10000 | Z13: 10000 | AA13: 10000 | AB13: 10000 | AC13: 10000 | AD13: 10000 | AE13: 10000 | AF13: 10000 | AG13: 10000 | AH13: 10000 | AI13: 10000 | AJ13: 10000 | AK13: 10000 | AL13: 10000 | AM13: 10000 | AN13: 10000 | AO13: 10000 | AP13: 10000 | AQ13: 10000 | AR13: 10000 | AS13: 10000 | AT13: 10000 | AU13: 10000 | AV13: 10000 | AW13: 10000 | AX13: 10000 | AY13: 10000 | AZ13: 10000 | BA13: 10000 | BB13: 10000 | BC13: 10000 | BD13: 10000 | BE13: 10000 | BF13: 10000 | BG13: 10000 | BH13: 10000 | BI13: 10000 | BJ13: 10000 | BK13: 10000 | BL13: 10000 | BM13: 10000 | BN13: 10000 | BO13: 10000 | BP13: 10000 | BQ13: 10000 | BR13: 10000 | BS13: 10000 | BT13: 10000 | BU13: 10000 | BV13: 10000 | BW13: 10000 | BX13: 10000 | BY13: 10000 | BZ13: 10000 | CA13: 10000 | CB13: 10000 | CC13: 10000 | CD13: 10000 | CE13: 10000 | CF13: 10000 | CG13: 10000 | CH13: 10000 | CI13: 10000 | CJ13: 10000 | CK13: 10000 | CL13: 10000 | CM13: 10000 | CN13: 10000 | CO13: 10000 | CP13: 10000 | CQ13: 10000 | CR13: 10000 | CS13: 10000 | CT13: 10000 | CU13: 10000 | CV13: 10000 | CW13: 10000 | CX13: 10000 | CY13: 10000 | CZ13: 10000 | DA13: 10000 | DB13: 10000 | DC13: 10000 | DD13: 10000 | DE13: 10000 | DF13: 10000 | DG13: 10000 | DH13: 10000 | DI13: 10000 | DJ13: 10000 | DK13: 10000 | DL13: 10000 | DM13: 10000 | DN13: 10000 | DO13: 10000 | DP13: 10000 | DQ13: 10000 | DR13: 10000 | DS13: 10000 | DT13: 10000 | DU13: 10000 | DV13: 10000 | DW13: 10000 | DX13: 10000 | DY13: 10000 | DZ13: 10000 | EA13: 10000 | EB13: 10000 | EC13: 10000 | ED13: 10000 | EE13: 10000 | EF13: 10000 | EG13: 10000 | EH13: 10000 | EI13: 10000 | EJ13: 10000 | EK13: 10000 | EL13: 10000 | EM13: 10000 | EN13: 10000 | EO13: 10000 | EP13: 10000 | EQ13: 10000 | ER13: 10000 | ES13: 10000 | ET13: 10000 | EU13: 10000 | EV13: 10000 | EW13: 10000 | EX13: 10000 | EY13: 10000 | EZ13: 10000 | FA13: 10000 | FB13: 10000 | FC13: 10000 | FD13: 10000 | FE13: 10000 | FF13: 10000 | FG13: 10000 | FH13: 10000 | FI13: 10000 | FJ13: 10000 | FK13: 10000 | FL13: 10000 | FM13: 10000 | FN13: 10000 | FO13: 10000 | FP13: 10000 | FQ13: 10000 | FR13: 10000 | FS13: 10000 | FT13: 10000 | FU13: 10000 | FV13: 10000 | FW13: 10000 | FX13: 10000 | FY13: 10000 | FZ13: 10000 | GA13: 10000 | GB13: 10000 | GC13: 10000 | GD13: 10000 | GE13: 10000 | GF13: 10000 | GG13: 10000 | GH13: 10000 | GI13: 10000 | GJ13: 10000 | GK13: 10000 | GL13: 10000 | GM13: 10000 | GN13: 10000 | GO13: 10000 | GP13: 10000 | GQ13: 10000 | GR13: 10000 | GS13: 10000 | GT13: 10000 | GU13: 10000 | GV13: 10000 | GW13: 10000 | GX13: 10000 | GY13: 10000 | GZ13: 10000 | HA13: 10000 | HB13: 10000 | HC13: 10000 | HD13: 10000 | HE13: 10000 | HF13: 10000 | HG13: 10000 | HH13: 10000 | HI13: 10000 | HJ13: 10000 | HK13: 10000 | HL13: 10000 | HM13: 10000 | HN13: 10000 | HO13: 10000 | HP13: 10000 | HQ13: 10000 | HR13: 10000 | HS13: 10000 | HT13: 10000 | HU13: 10000 | HV13: 10000 | HW13: 10000 | HX13: 10000 | HY13: 10000 | HZ13: 10000 | IA13: 10000 | IB13: 10000 | IC13: 10000 | ID13: 10000 | IE13: 10000 | IF13: 10000 | IG13: 10000 | IH13: 10000 | II13: 10000 | IJ13: 10000 | IK13: 10000 | IL13: 10000 | IM13: 10000 | IN13: 10000 | IO13: 10000 | IP13: 10000 | IQ13: 10000 | IR13: 10000 | IS13: 10000 | IT13: 10000 | IU13: 10000 | IV13: 10000 | IW13: 10000 | IX13: 10000 | IY13: 10000 | IZ13: 10000 | JA13: 10000 | JB13: 10000 | JC13: 10000 | JD13: 10000 | JE13: 10000 | JF13: 10000 | JG13: 10000 | JH13: 10000 | JI13: 10000 | JJ13: 10000 | JK13: 10000 | JL13: 10000 | JM13: 10000 | JN13: 10000 | JO13: 10000 | JP13: 10000 | JQ13: 10000 | JR13: 10000 | JS13: 10000 | JT13: 10000 | JU13: 10000 | JV13: 10000 | JW13: 10000 | JX13: 10000 | JY13: 10000 | JZ13: 10000 | KA13: 10000 | KB13: 10000 | KC13: 10000 | KD13: 10000 | KE13: 10000 | KF13: 10000 | KG13: 10000 | KH13: 10000 | KI13: 10000 | KJ13: 10000 | KK13: 10000 | KL13: 10000 | KM13: 10000 | KN13: 10000 | KO13: 10000 | KP13: 10000 | KQ13: 10000 | KR13: 10000 | KS13: 10000 | KT13: 10000 | KU13: 10000 | KV13: 10000 | KW13: 10000 | KX13: 10000 | KY13: 10000 | KZ13: 10000 | LA13: 10000 | LB13: 10000 | LC13: 10000 | LD13: 10000 | LE13: 10000 | LF13: 10000 | LG13: 10000 | LH13: 10000 | LI13: 10000 | LJ13: 10000 | LK13: 10000 | LL13: 10000 | LM13: 10000 | LN13: 10000 | LO13: 10000 | LP13: 10000 | LQ13: 10000 | LR13: 10000 | LS13: 10000 | LT13: 10000 | LU13: 10000 | LV13: 10000 | LW13: 10000 | LX13: 10000 | LY13: 10000 | LZ13: 10000 | MA13: 10000 | MB13: 10000 | MC13: 10000 | MD13: 10000 | ME13: 10000 | MF13: 10000 | MG13: 10000 | MH13: 10000 | MI13: 10000 | MJ13: 10000 | MK13: 10000 | ML13: 10000 | MM13: 10000 | MN13: 10000 | MO13: 10000 | MP13: 10000 | MQ13: 10000 | MR13: 10000 | MS13: 10000 | MT13: 10000 | MU13: 10000 | MV13: 10000 | MW13: 10000 | MX13: 10000 | MY13: 10000 | MZ13: 10000 | NA13: 10000 | NB13: 10000 | NC13: 10000 | ND13: 10000 | NE13: 10000 | NF13: 10000 | NG13: 10000 | NH13: 10000 | NI13: 10000 | NJ13: 10000 | NK13: 10000 | NL13: 10000 | NM13: 10000 | NN13: 10000 | NO13: 10000 | NP13: 10000 | NQ13: 10000 | NR13: 10000 | NS13: 10000 | NT13: 10000 | NU13: 10000 | NV13: 10000 | NW13: 10000 | NX13: 10000 | NY13: 10000 | NZ13: 10000 | OA13: 10000 | OB13: 10000 | OC13: 10000 | OD13: 10000 | OE13: 10000 | OF13: 10000 | OG13: 10000 | OH13: 10000 | OI13: 10000 | OJ13: 10000 | OK13: 10000 | OL13: 10000 | OM13: 10000 | ON13: 10000 | OO13: 10000 | OP13: 10000 | OQ13: 10000 | OR13: 10000 | OS13: 10000 | OT13: 10000 | OU13: 10000 | OV13: 10000 | OW13: 10000 | OX13: 10000 | OY13: 10000 | OZ13: 10000 | PA13: 10000 | PB13: 10000 | PC13: 10000 | PD13: 10000 | PE13: 10000 | PF13: 10000 | PG13: 10000 | PH13: 10000 | PI13: 10000 | PJ13: 10000 | PK13: 10000 | PL13: 10000 | PM13: 10000 | PN13: 10000 | PO13: 10000 | PP13: 10000 | PQ13: 10000 | PR13: 10000 | PS13: 10000 | PT13: 10000 | PU13: 10000 | PV13: 10000 | PW13: 10000 | PX13: 10000 | PY13: 10000 | PZ13: 10000 | QA13: 10000 | QB13: 10000 | QC13: 10000 | QD13: 10000 | QE13: 10000 | QF13: 10000 | QG13: 10000 | QH13: 10000 | QI13: 10000 | QJ13: 10000 | QK13: 10000 | QL13: 10000 | QM13: 10000 | QN13: 10000 | QO13: 10000 | QP13: 10000 | QQ13: 10000 | QR13: 10000 | QS13: 10000 | QT13: 10000 | QU13: 10000 | QV13: 10000 | QW13: 10000 | QX13: 10000 | QY13: 10000 | QZ13: 10000 | RA13: 10000 | RB13: 10000 | RC13: 10000 | RD13: 10000 | RE13: 10000 | RF13: 10000 | RG13: 10000 | RH13: 10000 | RI13: 10000 | RJ13: 10000 | RK13: 10000 | RL13: 10000 | RM13: 10000 | RN13: 10000 | RO13: 10000 | RP13: 10000 | RQ13: 10000 | RR13: 10000 | RS13: 10000 | RT13: 10000 | RU13: 10000 | RV13: 10000 | RW13: 10000 | RX13: 10000 | RY13: 10000 | RZ13: 10000 | SA13: 10000 | SB13: 10000 | SC13: 10000 | SD13: 10000 | SE13: 10000 | SF13: 10000 | SG13: 10000 | SH13: 10000 | SI13: 10000 | SJ13: 10000 | SK13: 10000 | SL13: 10000 | SM13: 10000 | SN13: 10000 | SO13: 10000 | SP13: 10000 | SQ13: 10000 | SR13: 10000 | SS13: 10000 | ST13: 10000 | SU13: 10000 | SV13: 10000 | SW13: 10000 | SX13: 10000 | SY13: 10000 | SZ13: 10000 | TA13: 10000 | TB13: 10000 | TC13: 10000 | TD13: 10000 | TE13: 10000 | TF13: 10000 | TG13: 10000 | TH13: 10000 | TI13: 10000 | TJ13: 10000 | TK13: 10000 | TL13: 10000 | TM13: 10000 | TN13: 10000 | TO13: 10000 | TP13: 10000 | TQ13: 10000 | TR13: 10000 | TS13: 10000 | TT13: 10000 | TU13: 10000 | TV13: 10000 | TW13: 10000 | TX13: 10000 | TY13: 10000 | TZ13: 10000 | UA13: 10000 | UB13: 10000 | UC13: 10000 | UD13: 10000 | UE13: 10000 | UF13: 10000 | UG13: 10000 | UH13: 10000 | UI13: 10000 | UJ13: 10000 | UK13: 10000 | UL13: 10000 | UM13: 10000 | UN13: 10000 | UO13: 10000 | UP13: 10000 | UQ13: 10000 | UR13: 10000 | US13: 10000 | UT13: 10000 | UU13: 10000 | UV13: 10000 | UW13: 10000 | UX13: 10000 | UY13: 10000 | UZ13: 10000 | VA13: 10000 | VB13: 10000 | VC13: 10000 | VD13: 10000 | VE13: 10000 | VF13: 10000 | VG13: 10000 | VH13: 10000 | VI13: 10000 | VJ13: 10000 | VK13: 10000 | VL13: 10000 | VM13: 10000 | VN13: 10000 | VO13: 10000 | VP13: 10000 | VQ13: 10000 | VR13: 10000 | VS13: 10000 | VT13: 10000 | VU13: 10000 | VV13: 10000 | VW13: 10000 | VX13: 10000 | VY13: 10000 | VZ13: 10000 | WA13: 10000 | WB13: 10000 | WC13: 10000 | WD13: 10000 | WE13: 10000 | WF13: 10000 | WG13: 10000 | WH13: 10000 | WI13: 10000 | WJ13: 10000 | WK13: 10000 | WL13: 10000 | WM13: 10000 | WN13: 10000 | WO13: 10000 | WP13: 10000 | WQ13: 10000 | WR13: 10000 | WS13: 10000 | WT13: 10000 | WU13: 10000 | WV13: 10000 | WW13: 10000 | WX13: 10000 | WY13: 10000 | WZ13: 10000 | XA13: 10000 | XB13: 10000 | XC13: 10000 | XD13: 10000 | XE13: 10000 | XF13: 10000 | XG13: 10000 | XH13: 10000 | XI13: 10000 | XJ13: 10000 | XK13: 10000 | XL13: 10000 | XM13: 10000 | XN13: 10000 | XO13: 10000 | XP13: 10000 | XQ13: 10000 | XR13: 10000 | XS13: 10000 | XT13: 10000 | XU13: 10000 | XV13: 10000 | XW13: 10000 | XX13: 10000 | XY13: 10000 | XZ13: 10000 | YA13: 10000 | YB13: 10000 | YC13: 10000 | YD13: 10000 | YE13: 10000 | YF13: 10000 | YG13: 10000 | YH13: 10000 | YI13: 10000 | YJ13: 10000 | YK13: 10000 | YL13: 10000 | YM13: 10000 | YN13: 10000 | YO13: 10000 | YP13: 10000 | YQ13: 10000 | YR13: 10000 | YS13: 10000 | YT13: 10000 | YU13: 10000 | YV13: 10000 | YW13: 10000 | YX13: 10000 | YY13: 10000 | YZ13: 10000 | ZA13: 10000 | ZB13: 10000 | ZC13: 10000 | ZD13: 10000 | ZE13: 10000 | ZF13: 10000 | ZG13: 10000 | ZH13: 10000 | ZI13: 10000 | ZJ13: 10000 | ZK13: 10000 | ZL13: 10000 | ZM13: 10000 | ZN13: 10000 | ZO13: 10000 | ZP13: 10000 | ZQ13: 10000 | ZR13: 10000 | ZS13: 10000 | ZT13: 10000 | ZU13: 10000 | ZV13: 10000 | ZW13: 10000 | ZX13: 10000 | ZY13: 10000 | ZZ13: 10000 | AAA13: 10000 | AAB13: 10000 | AAC13: 10000 | AAD13: 10000 | AAE13: 10000 | AAF13: 10000 | AAG13: 10000 | AAH13: 10000 | AAI13: 10000 | AAJ13: 10000 | AAK13: 10000 | AAL13: 10000 | AAM13: 10000 | AAN13: 10000 | AAO13: 10000 | AAP13: 10000 | AAQ13: 10000 | AAR13: 10000 | AAS13: 10000 | AAT13: 10000 | AAU13: 10000 | AAV13: 10000 | AAW13: 10000 | AAX13: 10000 | AAY13: 10000 | AAZ13: 10000 | ABA13: 10000 | ABB13: 10000 | ABC13: 10000 | ABD13: 10000 | ABE13: 10000 | ABF13: 10000 | ABG13: 10000 | ABH13: 10000 | ABI13: 10000 | ABJ13: 10000 | ABK13: 10000 | ABL13: 10000 | ABM13: 10000 | ABN13: 10000 | ABO13: 10000 | ABP13: 10000 | ABQ13: 10000 | ABR13: 10000 | ABS13: 10000 | ABT13: 10000 | ABU13: 10000 | ABV13: 10000 | ABW13: 10000 | ABX13: 10000 | ABY13: 10000 | ABZ13: 10000 | ACA13: 10000 | ACB13: 10000 | ACC13: 10000 | ACD13: 10000 | ACE13: 10000 | ACF13: 10000 | ACG13: 10000 | ACH13: 10000 | ACI13: 10000 | ACJ13: 10000 | ACK13: 10000 | ACL13: 10000 | ACM13: 10000 | ACN13: 10000 | ACO13: 10000 | ACP13: 10000 | ACQ13: 10000 | ACR13: 10000 | ACS13: 10000 | ACT13: 10000 | ACU13: 10000 | ACV13: 10000 | ACW13: 10000 | ACX13: 10000 | ACY13: 10000 | ACZ13: 10000 | ADA13: 10000 | ADB13: 10000 | ADC13: 10000 | ADD13: 10000 | ADE13: 10000 | ADF13: 10000 | ADG13: 10000 | ADH13: 10000 | ADI13: 10000 | ADJ13: 10000 | ADK13: 10000 | ADL13: 10000 | ADM13: 10000 | ADN13: 10000 | ADO13: 10000 | ADP13: 10000 | ADQ13: 10000 | ADR13: 10000 | ADS13: 10000 | ADT13: 10000 | ADU13: 10000 | ADV13: 10000 | ADW13: 10000 | ADX13: 10000 | ADY13: 10000 | ADZ13: 10000 | AEA13: 10000 | AEB13: 10000 | AEC13: 10000 | AED13: 10000 | AEE13: 10000 | AEF13: 10000 | AEG13: 10000 | AEH13: 10000 | AEI13: 10000 | AEJ13: 10000 | AEK13: 10000 | AEL13: 10000 | AEM13: 10000 | AEN13: 10000 | AEO13: 10000 | AEP13: 10000 | AEQ13: 10000 | AER13: 10000 | AES13: 10000 | AET13: 10000 | AEU13: 10000 | AEV13: 10000 | AEW13: 10000 | AEX13: 10000 | AEY13: 10000 | AEZ13: 10000 | AFA13: 10000 | AFB13: 10000 | AFC13: 10000 | AFD13: 10000 | AFE13: 10000 | AFF13: 10000 | AFG13: 10000 | AFH13: 10000 | AFI13: 10000 | AFJ13: 10000 | AFK13: 10000 | AFL13: 10000 | AFM13: 10000 | AFN13: 10000 | AFO13: 10000 | AFP13: 10000 | AFQ13: 10000 | AFR13: 10000 | AFS13: 10000 | AFT13: 10000 | AFU13: 10000 | AFV13: 10000 | AFW13: 10000 | AFX13: 10000 | AFY13: 10000 | AFZ13: 10000 | AGA13: 10000 | AGB13: 10000 | AGC13: 10000 | AGD13: 10000 | AGE13: 10000 | AGF13: 10000 | AGG13: 10000 | AGH13: 10000 | AGI13: 10000 | AGJ13: 10000 | AGK13: 10000 | AGL13: 10000 | AGM13: 10000 | AGN13: 10000 | AGO13: 10000 | AGP13: 10000 | AGQ13: 10000 | AGR13: 10000 | AGS13: 10000 | AGT13: 10000 | AGU13: 10000 | AGV13: 10000 | AGW13: 10000 | AGX13: 10000 | AGY13: 10000 | AGZ13: 10000 | AHA13: 10000 | AHB13: 10000 | AHC13: 10000 | AHD13: 10000 | AHE13: 10000 | AHF13: 10000 | AHG13: 10000 | AHH13: 10000 | AHI13: 10000 | AHJ13: 10000 | AHK13: 10000 | AHL13: 10000 | AHM13: 10000 | AHN13: 10000 | AHO13: 10000 | AHP13: 10000 | AHQ13: 10000 | AHR13: 10000 | AHS13: 10000 | AHT13: 10000 | AHU13: 10000 | AHV13: 10000 | AHW13: 10000 | AHX13: 10000 | AHY13: 10000 | AHZ13: 10000 | AIA13: 10000 | AIB13: 10000 | AIC13: 10000 | AID13: 10000 | AIE13: 10000 | AIF13: 10000 | AIG13: 10000 | AIH13: 10000 | AII13: 10000 | AIJ13: 10000 | AIK13: 10000 | AIL13: 10000 | AIM13: 10000 | AIN13: 10000 | AIO13: 10000 | AIP13: 10000 | AIQ13: 10000 | AIR13: 10000 | AIS13: 10000 | AIT13: 10000 | AIU13: 10000 | AIV13: 10000 | AIW13: 10000 | AIX13: 10000 | AIY13: 10000 | AIZ13: 10000 | AJA13: 10000 | AJB13: 10000 | AJC13: 10000 | AJD13: 10000 | AJE13: 10000 | AJF13: 10000 | AJG13: 10000 | AJH13: 10000 | AJI13: 10000 | AJJ13: 10000 | AJK13: 10000 | AJL13: 10000 | AJM13: 10000 | AJN13: 10000 | AJO13: 10000 | AJP13: 10000 | AJQ13: 10000 | AJR13: 10000 | AJS13: 10000 | AJT13: 10000 | AJU13: 10000 | AJV13: 10000 | AJW13: 10000 | AJX13: 10000 | AJY13: 10000 | AJZ13: 10000 | AKA13: 10000 | AKB13: 10000 | AKC13: 10000 | AKD13: 10000 | AKE13: 10000 | AKF13: 10000 | AKG13: 10000 | AKH13: 10000 | AKI13: 10000 | AKJ13: 10000 | AKK13: 10000 | AKL13: 10000 | AKM13: 10000 | AKN13: 10000 | AKO13: 10000 | AKP13: 10000 | AKQ13: 10000 | AKR13: 10000 | AKS13: 10000 | AKT13: 10000 | AKU13: 10000 | AKV13: 10000 | AKW13: 10000 | AKX13: 10000 | AKY13: 10000 | AKZ13: 10000 | ALA13: 10000 | ALB13: 10000 | ALC13: 10000 | ALD13: 10000 | ALE13: 10000 | ALF13: 10000 | ALG13: 10000 | ALH13: 10000 | ALI13: 10000 | ALJ13: 10000 | ALK13: 10000 | ALL13: 10000 | ALM13: 10000
A14: 1 | B14: 9453.6918 | C14: 10073.503 | D14: 9112.0831 | E14: 9590.1449 | F14: 9823.1077 | G14: 10073.835 | H14: 9897.9429 | I14: 10107.424 | J14: 10558.072 | K14: 9107.3081 | L14: 9642.8395 | M14: 9925.3699 | N14: 10728.155 | O14: 10585.321 | P14: 9262.9593 | Q14: 9603.7072 | R14: 9730.443 | S14: 9980.9496 | T14: 10745.92 | U14: 9899.8973 | V14: 9091.2223 | W14: 10081.163 | X14: 9652.7597 | Y14: 10254.949 | Z14: 10564.001 | AA14: 10663.466 | AB14: 10188.776 | AC14: 9962.7786 | AD14: 10505.321 | AE14: 10654.855 | AF14: 10607.604 | AG14: 10272.261 | AH14: 9809.0498 | AI14: 9343.7242 | AJ14: 9908.5581 | AK14: 11063.148 | AL14: 9218.9069 | AM14: 10784.585 | AN14: 11068.754 | AO14: 10916.331 | AP14: 10299.151 | AQ14: 10475.468 | AR14: 10133.773 | AS14: 10229.06 | AT14: 10029.266 | AU14: 9928.2684 | AV14: 9743.0144 | AW14: 11190.346 | AX14: 11032.611 | AY14: 10359.209 | AZ14: 10324.208 | BA14: 10109.083 | BB14: 10036.051 | BC14: 10603.838 | BD14: 10657.651 | BE14: 11319.588 | BF14: 10705.828 | BG14: 10706.622 | BH14: 10445.617 | BI14: 9351.8279 | BJ14: 10198.024 | BK14: 10258.712 | BL14: 10414.069 | BM14: 10266.248 | BN14: 10098.119 | BO14: 10415.146 | BP14: 9680.3784 | BQ14: 11073.027 | BR14: 10412.539 | BS14: 10347.174 | BT14: 9758.0056 | BU14: 10600.396 | BV14: 10475.097 | BW14: 11265.733 | BX14: 10205.114 | BY14: 9832.1408 | BZ14: 10171.954 | CA14: 9755.2042 | CB14: 10983.648 | CC14: 10362.924 | CD14: 10478.566 | CE14: 10251.254 | CF14: 10516.992 | CG14: 10036.702 | CH14: 9623.9904 | CI14: 10152.277 | CJ14: 10117.218 | CK14: 9659.8397 | CL14: 10552.458 | CM14: 10208.822 | CN14: 10739.612 | CO14: 10316.31 | CP14: 10254.997 | CQ14: 10449.237 | CR14: 10490.997 | CS14: 9411.1283 | CT14: 10110.153 | CU14: 10170.183 | CV14: 10123.606 | CW14: 9723.3502 | CX14: 10191.63 | CY14: 9783.0935 | CZ14: 10758.481 | DA14: 9738.597 | DB14: 10081.927 | DC14: 10281.802 | DD14: 10182.814 | DE14: 10971.629 | DF14: 10296.645 | DG14: 10103.449 | DH14: 10182.061 | DI14: 10252.77 | DJ14: 10038.453 | DK14: 9934.8242 | DL14: 10674.575 | DM14: 10666.76 | DN14: 10102.873 | DO14: 10670.119 | DP14: 10404.876 | DQ14: 10274.279 | DR14: 10049.54 | DS14: 10108.004 | DT14: 10696.011 | DU14: 10021.086 | DV14: 10157.485 | DW14: 10418.504 | DX14: 10491.083 | DY14: 10015.394 | DZ14: 10072.264 | EA14: 10554.088 | EB14: 9467.493 | EC14: 10069.229 | ED14: 9953.0588 | EE14: 10358.028 | EF14: 10017.191 | EG14: 9832.5549 | EH14: 10059.594 | EI14: 10230.52 | EJ14: 10368.588 | EK14: 10253.266 | EL14: 10140.822 | EM14: 9622.8671 | EN14: 9921.5314 | EO14: 11099.968 | EP14: 10225.005 | EQ14: 9748.8293 | ER14: 10333.828 | ES14: 10236.188 | ET14: 9942.672 | EU14: 10293.442 | EV14: 10615.412 | EW14: 10098.222 | EX14: 10009.748 | EY14: 9379.8971 | EZ14: 9841.8237 | FA14: 10505.149 | FB14: 9506.8613 | FC14: 10327.469 | FD14: 11057.183 | FE14: 9805.1528 | FF14: 9694.5022 | FG14: 10715.965 | FH14: 10697.748 | FI14: 10269.053 | FJ14: 10360.769 | FK14: 10373.711 | FL14: 10889.305 | FM14: 10978.116 | FN14: 10146.439 | FO14: 10542.145 | FP14: 9892.2182 | FQ14: 10517.965 | FR14: 9956.4868 | FS14: 10518.64 | FT14: 10109.822 | FU14: 9560.5948 | FV14: 10443.583 | FW14: 9499.3662 | FX14: 10493.804 | FY14: 9347.4582 | FZ14: 10488.605 | GA14: 10072.448 | GB14: 10593.855 | GC14: 10442.89 | GD14: 9303.8427 | GE14: 10417.415 | GF14: 10103.381 | GG14: 10702.097 | GH14: 10286.14 | GI14: 11043.715 | GJ14: 10715.676 | GK14: 10626.36 | GL14: 10405.655 | GM14: 9436.3461 | GN14: 10706.102 | GO14: 10574.017 | GP14: 9690.397 | GQ14: 10582.4 | GR14: 10028.917 | GS14: 10270.574 | GT14: 10370.476 | GU14: 10149.071 | GV14: 9962.7242 | GW14: 10408.887 | GX14: 10453.22 | GY14: 10345.27 | GZ14: 9866.4859 | HA14: 10635.566 | HB14: 9595.7357 | HC14: 10988.05 | HD14: 9191.1577 | HE14: 10988.487 | HF14: 10515.666 | HG14: 9901.0289 | HH14: 10064.129 | HI14: 10524.362 | HJ14: 9973.844 | HK14: 9962.173 | HL14: 10274.09 | HM14: 10662.374 | HN14: 10256.907 | HO14: 10837.097 | HP14: 10383.902 | HQ14: 10813.083 | HR14: 9970.5595 | HS14: 9549.1243 | HT14: 10036.386 | HU14: 10296.992 | HV14: 9909.386 | HW14: 10324.958 | HX14: 10074.441 | HY14: 9994.8816 | HZ14: 9686.2919 | IA14: 9995.8785 | IB14: 10606.116 | IC14: 10033.011 | ID14: 9777.3642 | IE14: 10089.132 | IF14: 10003.998 | IG14: 9912.548 | IH14: 10912.137 | II14: 9047.8592 | IJ14: 9859.8342 | IK14: 10025.345 | IL14: 10539.019 | IM14: 10817.674 | IN14: 10273.261 | IO14: 10166.007 | IP14: 10195.412 | IQ14: 10910.59 | IR14: 10531.451 | IS14: 10580.506 | IT14: 10701.506 | IU14: 9907.406 | IV14: 9594.9495 | IW14: 10578.344 | IX14: 10891.788 | IY14: 10650.524 | IZ14: 10338.826 | JA14: 11103.422 | JB14: 10508.928 | JC14: 10355.115 | JD14: 10144.673 | JE14: 10342.825 | JF14: 10630.871 | JG14: 10061.302 | JH14: 9610.0641 | JI14: 11118.778 | JJ14: 11077.071 | JK14: 9951.886 | JL14: 10038.551 | JM14: 10325.347 | JN14: 9350.3532 | JO14: 10845.356 | JP14: 10391.13 | JQ14: 10745.459 | JR14: 10010.571 | JS14: 10582.35 | JT14: 10040.873 | JU14: 9606.3773 | JV14: 9874.3835 | JW14: 10737.273 | JX14: 10434.604 | JY14: 10377.392 | JZ14: 9713.3097 | KA14: 10556.26 | KB14: 9792.2745 | KC14: 8879.6899 | KD14: 10047.91 | KE14: 10490.666 | KF14: 9617.1459 | KG14: 10211.142 | KH14: 10024.388 | KI14: 10387.663 | KJ14: 10132.8 | KK14: 10527.729 | KL14: 9959.5951 | KM14: 9837.4787 | KN14: 9585.4198 | KO14: 10810.084 | KP14: 9706.6573 | KQ14: 9547.4939 | KR14: 9533.7618 | KS14: 10171.862 | KT14: 10027.729 | KU14: 10535.578 | KV14: 10062.384 | KW14: 10653.11 | KX14: 9975.9975 | KY14: 9899.7682 | KZ14: 9548.3084 | LA14: 10678.774 | LB14: 10606.769 | LC14: 10443.31 | LD14: 10025.702 | LE14: 9834.8456 | LF14: 10825.99 | LG14: 10580.163 | LH14: 10506.367 | LI14: 10564.929 | LJ14: 9723.7145 | LK14: 10568.775 | LL14: 10178.031 | LM14: 10147.853 | LN14: 10281.64 | LO14: 10648.144 | LP14: 9903.7247 | LQ14: 10762.312 | LR14: 10124.02 | LS14: 10079.423 | LT14: 9514.8821 | LU14: 9372.5113 | LV14: 10773.941 | LW14: 10658.999 | LX14: 9336.6109 | LY14: 10409.228 | LZ14: 10676.578 | MA14: 10350.127 | MB14: 10034.274 | MC14: 10255.242 | MD14: 10124.746 | ME14: 9885.8361 | MF14: 10769.232 | MG14: 9761.0527 | MH14: 10022.205 | MI14: 9814.3783 | MJ14: 10257.127 | MK14: 9868.3418 | ML14: 9844.9722 | MM14: 9487.1242 | MN14: 10642.161 | MO14: 9848.0406 | MP14: 9962.3186 | MQ14: 10440.291 | MR14: 10415.401 | MS14: 10592.968 | MT14: 9931.8987 | MU14: 10699.489 | MV14: 10093.374 | MW14: 10389.932 | MX14: 9960.3922 | MY14: 10207.981 | MZ14: 10507.516 | NA14: 10336.646 | NB14: 10033.535 | NC14: 10564.817 | ND14: 10400.935 | NE14: 9893.8017 | NF14: 10021.889 | NG14: 9704.7941 | NH14: 9936.1133 | NI14: 9170.3032 | NJ14: 10367.003 | NK14: 9990.5767 | NL14: 9518.4358 | NM14: 9360.6378 | NN14: 9659.6111 | NO14: 9692.0178 | NP14: 9944.2056 | NQ14: 9870.4837 | NR14: 9507.1624 | NS14: 10672.35 | NT14: 9876.9733 | NU14: 9884.6849 | NV14: 10315.525 | NW14: 9990.4772 | NX14: 10285.939 | NY14: 10886.212 | NZ14: 10061.002 | OA14: 10003.801 | OB14: 10276.424 | OC14: 10353.826 | OD14: 10835.864 | OE14: 9997.883 | OF14: 9735.0244 | OG14: 10381.01 | OH14: 9298.5484 | OI14: 9866.6325 | OJ14: 10188.116 | OK14: 10453.261 | OL14: 10037.731 | OM14: 9673.5428 | ON14: 9794.5857 | OO14: 9357.1355 | OP14: 9555.9734 | OQ14: 11345.236 | OR14: 10500.691 | OS14: 9893.9188 | OT14: 10264.007 | OU14: 10003.406 | OV14: 10923.383 | OW14: 9986.2838 | OX14: 9631.8645 | OY14: 9917.5507 | OZ14: 10737.137 | PA14: 9753.4329 | PB14: 10460.179 | PC14: 9096.1859 | PD14: 10022.344 | PE14: 10247.11 | PF14: 10431.38 | PG14: 9770.1578 | PH14: 9747.2538 | PI14: 10150.796 | PJ14: 10175.227 | PK14: 10619.236 | PL14: 10223.17 | PM14: 9817.6861 | PN14: 10557.545 | PO14: 10275.826 | PP14: 10505.182 | PQ14: 9616.2765 | PR14: 9763.3137 | PS14: 10308.493 | PT14: 10499.072 | PU14: 10559.534 | PV14: 10152.825 | PW14: 9811.6521 | PX14: 9657.6598 | PY14: 9779.0762 | PZ14: 10851.393 | QA14: 10670.62 | QB14: 10326.093 | QC14: 10398.659 | QD14: 9839.9246 | QE14: 10109.013 | QF14: 9291.707 | QG14: 10686.842 | QH14: 9689.1182 | QI14: 9980.5206 | QJ14: 10099.729 | QK14: 10771.891 | QL14: 9948.671 | QM14: 10459.129 | QN14: 10232.147 | QO14: 10314.829 | QP14: 10475.471 | QQ14: 9484.7876 | QR14: 9590.0985 | QS14: 10671.15 | QT14: 11588.42 | QU14: 9725.2945 | QV14: 10701.77 | QW14: 10688.308 | QX14: 9508.8924 | QY14: 10461.758 | QZ14: 9877.5995 | RA14: 9457.5434 | RB14: 10229.421 | RC14: 9514.6758 | RD14: 10978.551 | RE14: 10353.468 | RF14: 10251.649 | RG14: 10898.696 | RH14: 10099.351 | RI14: 10234.061 | RJ14: 10183.296 | RK14: 10257.313 | RL14: 10146.408 | RM14: 11792.73 | RN14: 10393.807 | RO14: 9570.7002 | RP14: 9914.3297 | RQ14: 10503.429 | RR14: 10586.86 | RS14: 10335.458 | RT14: 10180.133 | RU14: 9517.1184 | RV14: 10581.953 | RW14: 10402.2 | RX14: 10097.909 | RY14: 9624.2358 | RZ14: 9898.3064 | SA14: 10042.865 | SB14: 10137.232 | SC14: 9411.3758 | SD14: 9648.8858 | SE14: 9307.4241 | SF14: 10294.349 | SG14: 10288.18 | SH14: 9940.477 | SI14: 9910.6104 | SJ14: 10978.402 | SK14: 10650.316 | SL14: 10285.54 | SM14: 9985.5026 | SN14: 9365.057 | SO14: 10315.931 | SP14: 9806.2436 | SQ14: 10280.843 | SR14: 10637.571 | SS14: 10049.343 | ST14: 9819.7321 | SU14: 10213.253 | SV14: 9919.1417 | SW14: 10509.722 | SX14: 10625.11 | SY14: 10552.875 | SZ14: 10161.909 | TA14: 10786.238 | TB14: 9864.5972 | TC14: 9946.6739 | TD14: 10402.96 | TE14: 10263.223 | TF14: 10228.251 | TG14: 10724.565 | TH14: 10223.665 | TI14: 10064.364 | TJ14: 10530.968 | TK14: 9713.166 | TL14: 11021.393 | TM14: 9834.5102 | TN14: 10201.652 | TO14: 9903.5715 | TP14: 10539.029 | TQ14: 9384.8994 | TR14: 10032.154 | TS14: 10276.869 | TT14: 10730.186 | TU14: 10236.181 | TV14: 10061.749 | TW14: 10361.476 | TX14: 9835.8979 | TY14: 9254.5279 | TZ14: 9494.9065 | UA14: 10615.743 | UB14: 9381.5228 | UC14: 11157.346 | UD14: 10469.387 | UE14: 10916.638 | UF14: 10130.436 | UG14: 11040.059 | UH14: 9460.6816 | UI14: 9292.2309 | UJ14: 11516.192 | UK14: 9750.3615 | UL14: 10629.33 | UM14: 10082.972 | UN14: 10842.311 | UO14: 10744.656 | UP14: 10374.991 | UQ14: 10156.262 | UR14: 10119.223 | US14: 11025.766 | UT14: 10231.778 | UU14: 10353.113 | UV14: 11213.081 | UW14: 10763.798 | UX14: 9801.7771 | UY14: 10623.708 | UZ14: 10073.181 | VA14: 9907.4641 | VB14: 10315.812 | VC14: 10070.445 | VD14: 10913.15 | VE14: 10184.378 | VF14: 10734.714 | VG14: 10221.326 | VH14: 10143.191 | VI14: 11032.613 | VJ14: 10285.602 | VK14: 10139.995 | VL14: 10596.789 | VM14: 10003.223 | VN14: 9883.0658 | VO14: 10377.852 | VP14: 10384.036 | VQ14: 10194.954 | VR14: 9088.4352 | VS14: 10084.872 | VT14: 10490.573 | VU14: 10275.445 | VV14: 10032.149 | VW14: 10261.547 | VX14: 10103.296 | VY14: 10123.76 | VZ14: 10465.516 | WA14: 9861.8592 | WB14: 9801.4092 | WC14: 9900.1932 | WD14: 10490.645 | WE14: 10772.92 | WF14: 10732.384 | WG14: 10140.716 | WH14: 9990.4228 | WI14: 9685.9609 | WJ14: 10489.046 | WK14: 10042.877 | WL14: 11260.331 | WM14: 10002.566 | WN14: 10118.194 | WO14: 10364.955 | WP14: 10239.942 | WQ14: 10871.988 | WR14: 10136.888 | WS14: 9089.5716 | WT14: 10127.232 | WU14: 10199.501 | WV14: 10145.642 | WW14: 10414.128 | WX14: 9886.5531 | WY14: 10479.739 | WZ14: 10334.555 | XA14: 10442.395 | XB14: 10640.055 | XC14: 11221.092 | XD14: 9727.6937 | XE14: 9594.0488 | XF14: 10402.114 | XG14: 10014.496 | XH14: 10933.889 | XI14: 10075.082 | XJ14: 9745.4513 | XK14: 10392.051 | XL14: 10541.615 | XM14: 9283.7833 | XN14: 10257.982 | XO14: 10324.611 | XP14: 10359.226 | XQ14: 10302.598 | XR14: 10268.413 | XS14: 9853.9682 | XT14: 10198.877 | XU14: 10099.255 | XV14: 10559.016 | XW14: 8981.0283 | XX14: 10008.011 | XY14: 10239.973 | XZ14: 10978.335 | YA14: 10335.515 | YB14: 9830.1035 | YC14: 9825.9696 | YD14: 9825.9275 | YE14: 10514.012 | YF14: 10260.294 | YG14: 9647.9853 | YH14: 10832.504 | YI14: 9622.4777 | YJ14: 9941.4081 | YK14: 10962.009 | YL14: 9918.3534 | YM14: 10163.459 | YN14: 10197.358 | YO14: 9846.6012 | YP14: 10851.092 | YQ14: 9951.0894 | YR14: 10094.818 | YS14: 9881.2879 | YT14: 9872.3755 | YU14: 10492.594 | YV14: 10688.337 | YW14: 10854.951 | YX14: 9899.2771 | YY14: 9953.9583 | YZ14: 10735.473 | ZA14: 9870.0215 | ZB14: 10351.064 | ZC14: 9895.6849 | ZD14: 10672.402 | ZE14: 11239.283 | ZF14: 10164.726 | ZG14: 10112.276 | ZH14: 9498.6799 | ZI14: 10220.03 | ZJ14: 10219.71 | ZK14: 10351.016 | ZL14: 10977.076 | ZM14: 9588.2521 | ZN14: 10502.979 | ZO14: 10293.726 | ZP14: 10268.376 | ZQ14: 10281.876 | ZR14: 10576.001 | ZS14: 9569.0304 | ZT14: 9960.3709 | ZU14: 10686.13 | ZV14: 10387.139 | ZW14: 9729.0615 | ZX14: 10047.96 | ZY14: 10144.865 | ZZ14: 10125.426 | AAA14: 10117.636 | AAB14: 10762.061 | AAC14: 10661.093 | AAD14: 10520.802 | AAE14: 10102.377 | AAF14: 9017.8437 | AAG14: 10530.279 | AAH14: 10171.989 | AAI14: 9934.3395 | AAJ14: 11134.708 | AAK14: 9741.2889 | AAL14: 9925.4923 | AAM14: 10810.527 | AAN14: 10850.161 | AAO14: 10277.043 | AAP14: 11321.773 | AAQ14: 9761.7741 | AAR14: 10050.151 | AAS14: 10054.451 | AAT14: 9341.7545 | AAU14: 9314.0592 | AAV14: 10187.215 | AAW14: 10948.735 | AAX14: 10158.092 | AAY14: 10403.886 | AAZ14: 10166.616 | ABA14: 10270.827 | ABB14: 10800.237 | ABC14: 9887.442 | ABD14: 10376.124 | ABE14: 10469.886 | ABF14: 10228.824 | ABG14: 9519.9277 | ABH14: 9699.5325 | ABI14: 10325.3 | ABJ14: 10263.48 | ABK14: 10405.134 | ABL14: 10467.077 | ABM14: 10308.568 | ABN14: 10733.321 | ABO14: 9652.7002 | ABP14: 10693.533 | ABQ14: 10549.593 | ABR14: 10198.398 | ABS14: 10188.037 | ABT14: 10379.87 | ABU14: 9507.8407 | ABV14: 10098.886 | ABW14: 10147.646 | ABX14: 10760.654 | ABY14: 10331.67 | ABZ14: 10637.469 | ACA14: 10199.184 | ACB14: 10114.013 | ACC14: 10393.633 | ACD14: 10557.199 | ACE14: 9870.6358 | ACF14: 10088.404 | ACG14: 9742.9114 | ACH14: 10041.51 | ACI14: 10214.847 | ACJ14: 10515.753 | ACK14: 10123.152 | ACL14: 10096.097 | ACM14: 9715.3621 | ACN14: 9938.9158 | ACO14: 10501.055 | ACP14: 10415.202 | ACQ14: 9556.2706 | ACR14: 10335.564 | ACS14: 10292.209 | ACT14: 10375.351 | ACU14: 9993.7093 | ACV14: 9806.2448 | ACW14: 10554.994 | ACX14: 10082.981 | ACY14: 10130.777 | ACZ14: 9358.4614 | ADA14: 9718.5092 | ADB14: 10429.704 | ADC14: 11188.865 | ADD14: 10367.066 | ADE14: 10346.702 | ADF14: 9875.0072 | ADG14: 10438.601 | ADH14: 10578.194 | ADI14: 10025.891 | ADJ14: 10713.507 | ADK14: 11031.638 | ADL14: 10021.238 | ADM14: 9833.7412 | ADN14: 10541.267 | ADO14: 9743.6353 | ADP14: 10256.89 | ADQ14: 10714.748 | ADR14: 10636.289 | ADS14: 10126.611 | ADT14: 10681.472 | ADU14: 10367.611 | ADV14: 9981.0128 | ADW14: 10135.526 | ADX14: 10329.276 | ADY14: 9993.0991 | ADZ14: 10373.848 | AEA14: 10224.159 | AEB14: 10406.354 | AEC14: 9939.7978 | AED14: 10701.907 | AEE14: 10236.119 | AEF14: 9839.1696 | AEG14: 10749.542 | AEH14: 10324.177 | AEI14: 10907.771 | AEJ14: 10468.135 | AEK14: 10364.036 | AEL14: 10501.138 | AEM14: 10508.141 | AEN14: 9780.7992 | AEO14: 10052.156 | AEP14: 9765.6948 | AEQ14: 10127.612 | AER14: 10024.817 | AES14: 9846.0044 | AET14: 10202.269 | AEU14: 10352.421 | AEV14: 9678.2388 | AEW14: 10454.86 | AEX14: 10427.287 | AEY14: 10806.858 | AEZ14: 10236.295 | AFA14: 10323.218 | AFB14: 9472.9084 | AFC14: 9942.7226 | AFD14: 10166.632 | AFE14: 10207.698 | AFF14: 9553.4801 | AFG14: 9829.2093 | AFH14: 9826.914 | AFI14: 10412.266 | AFJ14: 10030.128 | AFK14: 11044.763 | AFL14: 9956.1274 | AFM14: 10198.027 | AFN14: 10509.991 | AFO14: 10373.597 | AFP14: 9757.4536 | AFQ14: 10694.173 | AFR14: 10401.355 | AFS14: 10660.092 | AFT14: 9916.8137 | AFU14: 10229.145 | AFV14: 10102.06 | AFW14: 10255.627 | AFX14: 9732.8093 | AFY14: 9777.5606 | AFZ14: 9812.5018 | AGA14: 10247.813 | AGB14: 10791.97 | AGC14: 9868.0782 | AGD14: 9398.4444 | AGE14: 10016.464 | AGF14: 10290.113 | AGG14: 10151.48 | AGH14: 10348.63 | AGI14: 10556.158 | AGJ14: 10276.91 | AGK14: 10403.488 | AGL14: 9595.3349 | AGM14: 9755.8769 | AGN14: 9626.3696 | AGO14: 10008.012 | AGP14: 9523.4621 | AGQ14: 9595.0293 | AGR14: 10453.344 | AGS14: 10092.408 | AGT14: 10764.729 | AGU14: 9713.9119 | AGV14: 10805.068 | AGW14: 10113.302 | AGX14: 10552.234 | AGY14: 9956.5499 | AGZ14: 9404.2876 | AHA14: 10497.907 | AHB14: 9492.8843 | AHC14: 10300.947 | AHD14: 11466.897 | AHE14: 10238.037 | AHF14: 11155.998 | AHG14: 9729.6126 | AHH14: 10061.433 | AHI14: 9917.7537 | AHJ14: 9679.9783 | AHK14: 9828.7682 | AHL14: 9835.114 | AHM14: 10226.253 | AHN14: 10281.076 | AHO14: 10664.945 | AHP14: 10868.771 | AHQ14: 10257.511 | AHR14: 10549.908 | AHS14: 10045.258 | AHT14: 10698.288 | AHU14: 10304.096 | AHV14: 10414.93 | AHW14: 10301.17 | AHX14: 9777.8994 | AHY14: 9921.2899 | AHZ14: 10025.405 | AIA14: 10165.419 | AIB14: 9699.9669 | AIC14: 11163.385 | AID14: 10202.277 | AIE14: 10365.102 | AIF14: 10220.995 | AIG14: 9934.2118 | AIH14: 10046.271 | AII14: 10401.513 | AIJ14: 10350.948 | AIK14: 10330.411 | AIL14: 10308.568 | AIM14: 10255.881 | AIN14: 10584.537 | AIO14: 9976.8485 | AIP14: 10063.582 | AIQ14: 9709.4274 | AIR14: 10381.638 | AIS14: 10423.226 | AIT14: 10435.291 | AIU14: 9811.8028 | AIV14: 10440.042 | AIW14: 10377.181 | AIX14: 10662.863 | AIY14: 10053.919 | AIZ14: 10099.991 | AJA14: 9631.2565 | AJB14: 9877.1674 | AJC14: 10011.241 | AJD14: 10959.855 | AJE14: 10538.179 | AJF14: 10034.788 | AJG14: 9484.9236 | AJH14: 10158.842 | AJI14: 10047.132 | AJJ14: 9774.2614 | AJK14: 9838.7209 | AJL14: 11032.6 | AJM14: 11100.33 | AJN14: 9843.3925 | AJO14: 9533.3153 | AJP14: 10882.118 | AJQ14: 9765.0997 | AJR14: 10476.355 | AJS14: 10023.04 | AJT14: 10551.897 | AJU14: 9898.4559 | AJV14: 10489.588 | AJW14: 9979.3221 | AJX14: 9845.3177 | AJY14: 9815.2828 | AJZ14: 10611.507 | AKA14: 8967.053 | AKB14: 10511.668 | AKC14: 10310.793 | AKD14: 10143.225 | AKE14: 10450.549 | AKF14: 10182.404 | AKG14: 9425.8708 | AKH14: 9203.6979 | AKI14: 10599.577 | AKJ14: 9919.0056 | AKK14: 9703.1301 | AKL14: 9651.5392 | AKM14: 10351.098 | AKN14: 10694.496 | AKO14: 10533.359 | AKP14: 10037.362 | AKQ14: 10643.974 | AKR14: 9737.3454 | AKS14: 9391.2803 | AKT14: 10573.2 | AKU14: 9582.1007 | AKV14: 10391.318 | AKW14: 10086.951 | AKX14: 11086.466 | AKY14: 10086.431 | AKZ14: 9974.1327 | ALA14: 9999.2749 | ALB14: 9978.5714 | ALC14: 10438.235 | ALD14: 10138.478 | ALE14: 10767.432 | ALF14: 10488.433 | ALG14: 10866.5 | ALH14: 9890.4868 | ALI14: 9824.1836 | ALJ14: 10098.361 | ALK14: 10686.326 | ALL14: 10291.683 | ALM14: 10711.556
A15: 2 | B15: 9284.1384 | C15: 9787.1418 | D15: 9152.5603 | E15: 9629.176 | F15: 10088.727 | G15: 10415.063 | H15: 10325.995 | I15: 11042.483 | J15: 11433.374 | K15: 9500.7972 | L15: 10164.576 | M15: 10056.614 | N15: 11229.673 | O15: 11136.482 | P15: 9494.9574 | Q15: 9111.4176 | R15: 9751.2005 | S15: 10015.18 | T15: 11535.727 | U15: 9906.0221 | V15: 9867.9988 | W15: 10052.455 | X15: 9533.9287 | Y15: 10189.038 | Z15: 10779.202 | AA15: 10524.089 | AB15: 10693.615 | AC15: 10037.587 | AD15: 10272.576 | AE15: 11058.276 | AF15: 11136.654 | AG15: 10614.96 | AH15: 10019.925 | AI15: 9542.5562 | AJ15: 10143.912 | AK15: 11183.906 | AL15: 9218.9506 | AM15: 11719.363 | AN15: 11323.506 | AO15: 10585.998 | AP15: 10727.59 | AQ15: 10842.697 | AR15: 10646.759 | AS15: 10710.574 | AT15: 10701.718 | AU15: 10221.655 | AV15: 10099.614 | AW15: 11073.717 | AX15: 11481.212 | AY15: 10058.585 | AZ15: 10249.302 | BA15: 9930.817 | BB15: 10183.773 | BC15: 10668.477 | BD15: 10000.761 | BE15: 11111.536 | BF15: 11386.256 | BG15: 10780.069 | BH15: 10430.453 | BI15: 9176.1983 | BJ15: 10781.419 | BK15: 10344.406 | BL15: 10670.361 | BM15: 9920.6742 | BN15: 10250.077 | BO15: 10811.835 | BP15: 10246.432 | BQ15: 11023.989 | BR15: 10704.562 | BS15: 10513.172 | BT15: 9919.41 | BU15: 11319.584 | BV15: 10132.181 | BW15: 11611.055 | BX15: 10743.855 | BY15: 9936.2139 | BZ15: 10321.126 | CA15: 9874.5554 | CB15: 11690.582 | CC15: 10322.423 | CD15: 10559.152 | CE15: 10413.853 | CF15: 11521.496 | CG15: 9944.0763 | CH15: 9398.4066 | CI15: 10852.457 | CJ15: 9701.4807 | CK15: 9720.7509 | CL15: 11195.206 | CM15: 10713.919 | CN15: 11034.099 | CO15: 10184.364 | CP15: 10782.696 | CQ15: 10601.819 | CR15: 10934.518 | CS15: 9379.4474 | CT15: 9594.9211 | CU15: 10001.136 | CV15: 10205.505 | CW15: 10030.668 | CX15: 10255.204 | CY15: 10036.201 | CZ15: 11423.193 | DA15: 9959.5002 | DB15: 10473.062 | DC15: 10545.218 | DD15: 9834.7764 | DE15: 11954.947 | DF15: 10432.695 | DG15: 10827.005 | DH15: 10543.602 | DI15: 10171.589 | DJ15: 9808.7462 | DK15: 9451.7835 | DL15: 10900.931 | DM15: 11000.767 | DN15: 11489.134 | DO15: 11184.203 | DP15: 9641.5569 | DQ15: 9988.7862 | DR15: 9775.8123 | DS15: 9782.4609 | DT15: 10539.048 | DU15: 9638.7371 | DV15: 10280.25 | DW15: 10367.882 | DX15: 11472.217 | DY15: 9975.2633 | DZ15: 9927.3699 | EA15: 9647.857 | EB15: 9571.0441 | EC15: 11112.105 | ED15: 10145.063 | EE15: 10981.951 | EF15: 9946.6148 | EG15: 10416.316 | EH15: 10430.681 | EI15: 10164.991 | EJ15: 10725.789 | EK15: 10262.534 | EL15: 9605.9791 | EM15: 9891.117 | EN15: 10128.937 | EO15: 11540.153 | EP15: 10637.702 | EQ15: 8991.8524 | ER15: 10232.224 | ES15: 11003.512 | ET15: 10130.396 | EU15: 11007.598 | EV15: 10717.014 | EW15: 10279.295 | EX15: 9673.2953 | EY15: 9338.176 | EZ15: 10122.978 | FA15: 11380.008 | FB15: 9665.2027 | FC15: 9905.8081 | FD15: 10372.225 | FE15: 10124.724 | FF15: 10116.882 | FG15: 10846.867 | FH15: 10583.061 | FI15: 9763.5473 | FJ15: 9919.4024 | FK15: 10526.394 | FL15: 11633.366 | FM15: 10746.165 | FN15: 10464.383 | FO15: 10836.624 | FP15: 10132.018 | FQ15: 11335.388 | FR15: 10504.248 | FS15: 11614.855 | FT15: 10245.61 | FU15: 9751.7619 | FV15: 11595.34 | FW15: 9575.5474 | FX15: 10614.457 | FY15: 8847.1907 | FZ15: 10602.309 | GA15: 10645.648 | GB15: 10773.587 | GC15: 10529.961 | GD15: 9633.4717 | GE15: 10726.595 | GF15: 9964.9863 | GG15: 10969.993 | GH15: 10243.955 | GI15: 11460.368 | GJ15: 10614.236 | GK15: 9571.1194 | GL15: 10647.668 | GM15: 10144.61 | GN15: 10323.738 | GO15: 11219.162 | GP15: 10453.867 | GQ15: 10958.348 | GR15: 10969.166 | GS15: 10288.339 | GT15: 11193.973 | GU15: 9847.4311 | GV15: 9779.2442 | GW15: 11501.856 | GX15: 11310.9 | GY15: 9730.5467 | GZ15: 9933.5986 | HA15: 10386.692 | HB15: 9620.244 | HC15: 11486.574 | HD15: 9471.0329 | HE15: 10383.951 | HF15: 10562.988 | HG15: 10490.502 | HH15: 10429.947 | HI15: 11043.217 | HJ15: 10355.693 | HK15: 9772.3084 | HL15: 11036.951 | HM15: 10712.844 | HN15: 10805.919 | HO15: 12029.137 | HP15: 10558.715 | HQ15: 11830.623 | HR15: 9977.3674 | HS15: 10444.493 | HT15: 10226.267 | HU15: 10175.195 | HV15: 10166.978 | HW15: 10594.104 | HX15: 10462.957 | HY15: 10612.527 | HZ15: 10235.918 | IA15: 10156.089 | IB15: 11071.43 | IC15: 10101.073 | ID15: 10277.396 | IE15: 10940.71 | IF15: 9842.7851 | IG15: 9941.5205 | IH15: 11715.648 | II15: 8853.6457 | IJ15: 10716.466 | IK15: 10172.101 | IL15: 11136.311 | IM15: 10853.728 | IN15: 10347.308 | IO15: 10708.346 | IP15: 10271.854 | IQ15: 11159.345 | IR15: 10482.908 | IS15: 10796.781 | IT15: 10639.362 | IU15: 9341.1553 | IV15: 9512.0342 | IW15: 11272.48 | IX15: 11691.053 | IY15: 11096.081 | IZ15: 11056.002 | JA15: 11281.363 | JB15: 11273.23 | JC15: 10391.904 | JD15: 10462.206 | JE15: 10353.158 | JF15: 10691.501 | JG15: 10179.722 | JH15: 9868.1891 | JI15: 11102.826 | JJ15: 11362.288 | JK15: 10683.64 | JL15: 10042.559 | JM15: 10349.327 | JN15: 9779.143 | JO15: 11745.203 | JP15: 10564.024 | JQ15: 10565.569 | JR15: 10207.661 | JS15: 11126.869 | JT15: 9750.8488 | JU15: 9666.2402 | JV15: 10136.495 | JW15: 10742.179 | JX15: 10245.904 | JY15: 10367.314 | JZ15: 9589.264 | KA15: 10462.316 | KB15: 9512.7917 | KC15: 8532.195 | KD15: 10595.507 | KE15: 10771.011 | KF15: 9749.0077 | KG15: 10030.827 | KH15: 9703.2944 | KI15: 10247.343 | KJ15: 9945.8767 | KK15: 10419.281 | KL15: 10969.222 | KM15: 9773.3926 | KN15: 9450.0055 | KO15: 11356.829 | KP15: 9670.1699 | KQ15: 10132.75 | KR15: 9193.2663 | KS15: 10331.015 | KT15: 10124.77 | KU15: 11369.586 | KV15: 9915.1528 | KW15: 10299.201 | KX15: 9056.0063 | KY15: 10761.142 | KZ15: 9521.7704 | LA15: 10035.732 | LB15: 11742.103 | LC15: 10590.057 | LD15: 10313.856 | LE15: 11054.407 | LF15: 10449.409 | LG15: 10636.004 | LH15: 11067.079 | LI15: 10532.383 | LJ15: 10189.276 | LK15: 10581.527 | LL15: 9934.7905 | LM15: 10448.95 | LN15: 10053.225 | LO15: 11241.158 | LP15: 10324.472 | LQ15: 10467.242 | LR15: 10086.637 | LS15: 10704.109 | LT15: 10094.038 | LU15: 9765.1113 | LV15: 10885.419 | LW15: 11425.767 | LX15: 9356.4523 | LY15: 10551.868 | LZ15: 11134.302 | MA15: 11015.226 | MB15: 10245.142 | MC15: 10736.55 | MD15: 10444.599 | ME15: 9704.61 | MF15: 10991.36 | MG15: 10113.285 | MH15: 9893.5159 | MI15: 8845.4804 | MJ15: 10426.183 | MK15: 9759.5179 | ML15: 9963.2472 | MM15: 9640.5591 | MN15: 11544.568 | MO15: 10479.565 | MP15: 10667.797 | MQ15: 11243.479 | MR15: 10930.199 | MS15: 11911.742 | MT15: 10336.602 | MU15: 11150.239 | MV15: 10891.261 | MW15: 10881.565 | MX15: 10192.094 | MY15: 10385.288 | MZ15: 11557.184 | NA15: 10657.604 | NB15: 9812.8956 | NC15: 11018.123 | ND15: 11085.037 | NE15: 10092.806 | NF15: 9757.4108 | NG15: 10072.399 | NH15: 10467.095 | NI15: 9154.9141 | NJ15: 11017.137 | NK15: 11078.864 | NL15: 9379.0166 | NM15: 9581.2724 | NN15: 10011.212 | NO15: 9801.5772 | NP15: 10100.731 | NQ15: 10281.806 | NR15: 10218.787 | NS15: 10741.705 | NT15: 9856.9453 | NU15: 10232.756 | NV15: 10154.84 | NW15: 9600.6089 | NX15: 11117.597 | NY15: 11309.353 | NZ15: 10398.086 | OA15: 10433 | OB15: 10244.124 | OC15: 9989.1265 | OD15: 11385.465 | OE15: 10059.987 | OF15: 9356.8098 | OG15: 10979.648 | OH15: 9975.4693 | OI15: 10854.603 | OJ15: 10851.428 | OK15: 10762.198 | OL15: 10372.308 | OM15: 9717.1524 | ON15: 9670.6812 | OO15: 10033.781 | OP15: 9913.4274 | OQ15: 12529.515 | OR15: 10096.968 | OS15: 10003.733 | OT15: 10471.959 | OU15: 11252.778 | OV15: 12147.001 | OW15: 10697.273 | OX15: 10302.874 | OY15: 9714.8604 | OZ15: 11806.502 | PA15: 9976.3681 | PB15: 9728.3163 | PC15: 9276.0263 | PD15: 9974.7575 | PE15: 11021.978 | PF15: 9790.3355 | PG15: 10527.854 | PH15: 10422.03 | PI15: 10440.41 | PJ15: 10094.463 | PK15: 11307.01 | PL15: 10386.692 | PM15: 10011.184 | PN15: 11157.714 | PO15: 10579.556 | PP15: 11101.895 | PQ15: 10028.12 | PR15: 10328.795 | PS15: 10421.08 | PT15: 10182.056 | PU15: 11163.52 | PV15: 10946.182 | PW15: 10346.943 | PX15: 10182.268 | PY15: 9614.4118 | PZ15: 10859.944 | QA15: 12001.584 | QB15: 10373.614 | QC15: 10986.633 | QD15: 10229.012 | QE15: 10112.099 | QF15: 8430.7552 | QG15: 11019.603 | QH15: 10242.857 | QI15: 10187.229 | QJ15: 11136.581 | QK15: 10750.933 | QL15: 9361.1707 | QM15: 11076.554 | QN15: 10815.814 | QO15: 10946.472 | QP15: 10720.746 | QQ15: 9374.7172 | QR15: 9895.882 | QS15: 10311.296 | QT15: 11368.185 | QU15: 10722.484 | QV15: 10630.334 | QW15: 11438.374 | QX15: 9776.7941 | QY15: 9453.6018 | QZ15: 10553.758 | RA15: 9019.8564 | RB15: 10393.524 | RC15: 9921.6027 | RD15: 11414.892 | RE15: 10493.056 | RF15: 10212.241 | RG15: 11644.442 | RH15: 10657.921 | RI15: 10205.871 | RJ15: 10820.302 | RK15: 10123.671 | RL15: 10712.026 | RM15: 11631.157 | RN15: 10670.288 | RO15: 10215.143 | RP15: 10050.224 | RQ15: 10483.138 | RR15: 10428.239 | RS15: 10420.92 | RT15: 10457.692 | RU15: 9716.2449 | RV15: 10648.539 | RW15: 11053.395 | RX15: 10048.971 | RY15: 9661.0385 | RZ15: 10410.49 | SA15: 10373.258 | SB15: 10427.496 | SC15: 9972.9135 | SD15: 10443.622 | SE15: 9463.9376 | SF15: 10773.809 | SG15: 10072.932 | SH15: 10567.161 | SI15: 10259.852 | SJ15: 11474.878 | SK15: 10509.009 | SL15: 11212.412 | SM15: 9186.721 | SN15: 9847.4162 | SO15: 10424.606 | SP15: 10151.907 | SQ15: 10489.413 | SR15: 11062.019 | SS15: 10574.181 | ST15: 9593.7664 | SU15: 10715.392 | SV15: 10059.636 | SW15: 10024.58 | SX15: 11270.238 | SY15: 11147.683 | SZ15: 10446.291 | TA15: 10625.96 | TB15: 10298.701 | TC15: 10559.296 | TD15: 10060.806 | TE15: 10616.137 | TF15: 11058.448 | TG15: 11087.382 | TH15: 10384.881 | TI15: 10346.756 | TJ15: 10669.67 | TK15: 10310.223 | TL15: 11682.837 | TM15: 10181.769 | TN15: 9698.5511 | TO15: 10108.332 | TP15: 11344.274 | TQ15: 9603.5308 | TR15: 11031.943 | TS15: 10696.908 | TT15: 10388.545 | TU15: 10891.959 | TV15: 10868.128 | TW15: 11744.804 | TX15: 10339.137 | TY15: 9275.1041 | TZ15: 10296.327 | UA15: 11409.638 | UB15: 9877.3837 | UC15: 11661.842 | UD15: 11026.373 | UE15: 10935.565 | UF15: 11140.688 | UG15: 11601.622 | UH15: 10390.43 | UI15: 9165.7535 | UJ15: 12821.692 | UK15: 9366.0954 | UL15: 10310.726 | UM15: 10676.558 | UN15: 10974.275 | UO15: 11082.893 | UP15: 11037.14 | UQ15: 10170.034 | UR15: 9955.2552 | US15: 11492.857 | UT15: 9848.7186 | UU15: 11225.14 | UV15: 11583.378 | UW15: 11416.329 | UX15: 9848.6018 | UY15: 10999.942 | UZ15: 10118.493 | VA15: 10014.089 | VB15: 10505.159 | VC15: 10468.648 | VD15: 11685.021 | VE15: 10749.768 | VF15: 11899.446 | VG15: 10411.855 | VH15: 10878.52 | VI15: 11399.306 | VJ15: 11143.321 | VK15: 9628.6679 | VL15: 11232.588 | VM15: 10454.215 | VN15: 10103.763 | VO15: 10137.492 | VP15: 10852.818 | VQ15: 10612.303 | VR15: 8753.13 | VS15: 9947.3456 | VT15: 9563.2978 | VU15: 10591.799 | VV15: 10144.657 | VW15: 10666.357 | VX15: 10089.998 | VY15: 10212.44 | VZ15: 10115.97 | WA15: 9530.1015 | WB15: 10376.63 | WC15: 9912.7511 | WD15: 10815.958 | WE15: 12275.9 | WF15: 10902.764 | WG15: 10845.353 | WH15: 9954.4124 | WI15: 10374.148 | WJ15: 10383.316 | WK15: 10217.266 | WL15: 11712.371 | WM15: 10765.713 | WN15: 9789.2407 | WO15: 11007.589 | WP15: 10153.496 | WQ15: 11500.506 | WR15: 10402.482 | WS15: 9537.817 | WT15: 9776.4135 | WU15: 10782.693 | WV15: 10137.048 | WW15: 10595.229 | WX15: 9356.3505 | WY15: 10652.122 | WZ15: 10727.391 | XA15: 10366.952 | XB15: 10326.084 | XC15: 11884.299 | XD15: 10951.894 | XE15: 10815.956 | XF15: 10484.125 | XG15: 9765.3094 | XH15: 10057.113 | XI15: 10446.023 | XJ15: 10149.492 | XK15: 10746.083 | XL15: 10588.513 | XM15: 9965.8791 | XN15: 10102.567 | XO15: 11256.972 | XP15: 11099.859 | XQ15: 10500.064 | XR15: 10613.205 | XS15: 9625.1344 | XT15: 9723.2649 | XU15: 10151.09 | XV15: 10207.262 | XW15: 9001.0821 | XX15: 9803.1371 | XY15: 10938.954 | XZ15: 10610.344 | YA15: 10580.473 | YB15: 10659.973 | YC15: 10582.128 | YD15: 10022.942 | YE15: 10652.794 | YF15: 11498.257 | YG15: 9684.3327 | YH15: 10585.222 | YI15: 9684.0195 | YJ15: 9922.6536 | YK15: 11497.851 | YL15: 10202.569 | YM15: 10074.903 | YN15: 10066.922 | YO15: 9189.3981 | YP15: 10926.554 | YQ15: 10474.678 | YR15: 9822.7972 | YS15: 9989.1969 | YT15: 10108.199 | YU15: 9491.4312 | YV15: 10332.326 | YW15: 10377.755 | YX15: 9890.4187 | YY15: 10126.955 | YZ15: 11304.202 | ZA15: 10639.99 | ZB15: 10894.55 | ZC15: 10039.689 | ZD15: 11191.819 | ZE15: 11681.634 | ZF15: 9464.7035 | ZG15: 10395.163 | ZH15: 10284.915 | ZI15: 10290.149 | ZJ15: 9802.3279 | ZK15: 10791.387 | ZL15: 11168.488 | ZM15: 9755.9042 | ZN15: 11171.502 | ZO15: 10261.193 | ZP15: 10625.085 | ZQ15: 10880.71 | ZR15: 10593.499 | ZS15: 9517.1227 | ZT15: 9933.6701 | ZU15: 10687.267 | ZV15: 10646.143 | ZW15: 9345.8479 | ZX15: 10089.582 | ZY15: 10387.06 | ZZ15: 11346.944 | AAA15: 10658.122 | AAB15: 10991.807 | AAC15: 10751.731 | AAD15: 10890.346 | AAE15: 9754.1517 | AAF15: 8803.6732 | AAG15: 10128.824 | AAH15: 11307.839 | AAI15: 9954.2173 | AAJ15: 12136.903 | AAK15: 10017.315 | AAL15: 10234.448 | AAM15: 11138.519 | AAN15: 10616.718 | AAO15: 10599.81 | AAP15: 12693.813 | AAQ15: 11096.222 | AAR15: 11302.593 | AAS15: 10904.397 | AAT15: 9933.3472 | AAU15: 9863.8222 | AAV15: 9901.3064 | AAW15: 10631.736 | AAX15: 10156.381 | AAY15: 10490.327 | AAZ15: 10301.76 | ABA15: 9404.863 | ABB15: 11211.524 | ABC15: 9928.871 | ABD15: 11404.882 | ABE15: 10898.477 | ABF15: 9590.878 | ABG15: 10188.833 | ABH15: 9994.8702 | ABI15: 10800.527 | ABJ15: 11011.21 | ABK15: 10707.886 | ABL15: 11388.581 | ABM15: 10346.685 | ABN15: 11616.733 | ABO15: 10208.647 | ABP15: 10606.854 | ABQ15: 10761.156 | ABR15: 10274.045 | ABS15: 10514.845 | ABT15: 11157.858 | ABU15: 9593.5325 | ABV15: 10258.964 | ABW15: 10765.463 | ABX15: 10762.235 | ABY15: 9972.5369 | ABZ15: 11012.788 | ACA15: 10889.807 | ACB15: 10468.848 | ACC15: 10548.382 | ACD15: 11394.308 | ACE15: 9649.5215 | ACF15: 10019.293 | ACG15: 9893.7064 | ACH15: 10768.837 | ACI15: 10218.45 | ACJ15: 10325.563 | ACK15: 9380.4344 | ACL15: 10440.905 | ACM15: 9576.3483 | ACN15: 10050.66 | ACO15: 11091.809 | ACP15: 11102.772 | ACQ15: 9772.0199 | ACR15: 10905.311 | ACS15: 10982.143 | ACT15: 10223.1 | ACU15: 9934.8543 | ACV15: 9504.7712 | ACW15: 11085.499 | ACX15: 10000.785 | ACY15: 10135.745 | ACZ15: 10356.177 | ADA15: 10359.73 | ADB15: 10754.179 | ADC15: 11644.472 | ADD15: 9869.3089 | ADE15: 10557.829 | ADF15: 9456.8801 | ADG15: 9682.1954 | ADH15: 10960.895 | ADI15: 10587.159 | ADJ15: 11387.332 | ADK15: 10794.494 | ADL15: 10412.183 | ADM15: 9887.1756 | ADN15: 10603.768 | ADO15: 10357.606 | ADP15: 10594.539 | ADQ15: 10433.915 | ADR15: 11179.957 | ADS15: 9802.1098 | ADT15: 11248.767 | ADU15: 11280.308 | ADV15: 9769.8924 | ADW15: 9870.0644 | ADX15: 10528.718 | ADY15: 10057.829 | ADZ15: 10719.289 | AEA15: 10789.279 | AEB15: 10712.072 | AEC15: 10556.953 | AED15: 11158.073 | AEE15: 9998.1591 | AEF15: 9589.6908 | AEG15: 10641.469 | AEH15: 10163.677 | AEI15: 11502.899 | AEJ15: 10669.552 | AEK15: 10494.529 | AEL15: 11164.056 | AEM15: 11220.945 | AEN15: 10214.401 | AEO15: 10030.615 | AEP15: 9866.4917 | AEQ15: 9691.4381 | AER15: 10352.432 | AES15: 9929.1444 | AET15: 9912.2787 | AEU15: 11197.488 | AEV15: 9702.3984 | AEW15: 10793.568 | AEX15: 10379.124 | AEY15: 11431.555 | AEZ15: 10721.893 | AFA15: 11326.77 | AFB15: 10095.195 | AFC15: 10095.574 | AFD15: 9868.6814 | AFE15: 10426.64 | AFF15: 9267.935 | AFG15: 10079.165 | AFH15: 9965.2153 | AFI15: 11071.403 | AFJ15: 10369.13 | AFK15: 11263.872 | AFL15: 11124.656 | AFM15: 10382.433 | AFN15: 10078.035 | AFO15: 10808.993 | AFP15: 9496.5427 | AFQ15: 10845.335 | AFR15: 10172.184 | AFS15: 10675.269 | AFT15: 10643.861 | AFU15: 10427.775 | AFV15: 10112.683 | AFW15: 10374.158 | AFX15: 9955.0819 | AFY15: 9627.7208 | AFZ15: 10506.109 | AGA15: 10910.946 | AGB15: 10917.696 | AGC15: 10269.114 | AGD15: 9765.1043 | AGE15: 10246.297 | AGF15: 10329.208 | AGG15: 10110.509 | AGH15: 10447.43 | AGI15: 10565.906 | AGJ15: 10887.926 | AGK15: 10696.328 | AGL15: 9579.2345 | AGM15: 10126.843 | AGN15: 9507.6186 | AGO15: 9660.2867 | AGP15: 9674.0892 | AGQ15: 9912.422 | AGR15: 10326.036 | AGS15: 9484.5038 | AGT15: 11280.631 | AGU15: 9628.4082 | AGV15: 11597.545 | AGW15: 10708.319 | AGX15: 10671.227 | AGY15: 10328.962 | AGZ15: 9663.2302 | AHA15: 10523.564 | AHB15: 9716.6926 | AHC15: 10342.54 | AHD15: 12180.277 | AHE15: 11049.495 | AHF15: 11539.166 | AHG15: 9863.3536 | AHH15: 10008.135 | AHI15: 10099.96 | AHJ15: 10678.247 | AHK15: 10061.654 | AHL15: 10231.494 | AHM15: 10020.654 | AHN15: 10909.657 | AHO15: 11014.096 | AHP15: 11312.138 | AHQ15: 10172.572 | AHR15: 11015.397 | AHS15: 9555.4627 | AHT15: 11480.319 | AHU15: 10944.381 | AHV15: 10728.133 | AHW15: 10595.81 | AHX15: 10062.979 | AHY15: 10159.259 | AHZ15: 9410.2464 | AIA15: 10468.102 | AIB15: 10853.038 | AIC15: 11908.739 | AID15: 10654.689 | AIE15: 11714.435 | AIF15: 10132.215 | AIG15: 10368.414 | AIH15: 10543.857 | AII15: 10292.227 | AIJ15: 10167.555 | AIK15: 10593.665 | AIL15: 10043.267 | AIM15: 10292.861 | AIN15: 10923.996 | AIO15: 10140.904 | AIP15: 9467.6442 | AIQ15: 10189.956 | AIR15: 11311.215 | AIS15: 10852.828 | AIT15: 10373.432 | AIU15: 9867.6763 | AIV15: 11308.541 | AIW15: 10491.242 | AIX15: 10905.885 | AIY15: 10010.09 | AIZ15: 10581.817 | AJA15: 9823.4382 | AJB15: 9339.7953 | AJC15: 10098.888 | AJD15: 11050.464 | AJE15: 11695.797 | AJF15: 10914.896 | AJG15: 9154.594 | AJH15: 10575.756 | AJI15: 10318.51 | AJJ15: 10296.383 | AJK15: 10863.414 | AJL15: 10802.023 | AJM15: 11392.221 | AJN15: 10338.575 | AJO15: 10391.281 | AJP15: 10498.87 | AJQ15: 10305.004 | AJR15: 9728.6825 | AJS15: 10416.048 | AJT15: 10345.729 | AJU15: 9726.2959 | AJV15: 11158.144 | AJW15: 9195.411 | AJX15: 10129.385 | AJY15: 9840.244 | AJZ15: 11088.926 | AKA15: 9182.3668 | AKB15: 10314.277 | AKC15: 10425.344 | AKD15: 11365.914 | AKE15: 10764.145 | AKF15: 10512.531 | AKG15: 9865.4241 | AKH15: 9150.3569 | AKI15: 10731.545 | AKJ15: 10529.792 | AKK15: 9392.291 | AKL15: 9700.6643 | AKM15: 11074.563 | AKN15: 11052.43 | AKO15: 11090.877 | AKP15: 10429.836 | AKQ15: 10991.154 | AKR15: 10017.837 | AKS15: 8279.5575 | AKT15: 10334.582 | AKU15: 9298.7865 | AKV15: 11068.488 | AKW15: 10045.144 | AKX15: 11554.513 | AKY15: 10446.535 | AKZ15: 10066.887 | ALA15: 10232.426 | ALB15: 9501.2522 | ALC15: 10770.317 | ALD15: 10296.508 | ALE15: 11733.179 | ALF15: 10376.323 | ALG15: 10808.253 | ALH15: 9518.1562 | ALI15: 9908.3207 | ALJ15: 10049.975 | ALK15: 10871.508 | ALL15: 10783.97 | ALM15: 10623.235
A16: 3 | B16: 9073.7858 | C16: 10465.894 | D16: 9557.2024 | E16: 9985.3728 | F16: 10754.852 | G16: 10964.192 | H16: 10203.679 | I16: 11134.997 | J16: 11817.66 | K16: 9796.4988 | L16: 10984.015 | M16: 10229.144 | N16: 11852.912 | O16: 10953.322 | P16: 9874.3876 | Q16: 9233.5719 | R16: 10157.44 | S16: 10778.219 | T16: 12082.085 | U16: 9676.7656 | V16: 10138.979 | W16: 10192.578 | X16: 9001.9773 | Y16: 9968.108 | Z16: 10949.28 | AA16: 10341.387 | AB16: 10575.224 | AC16: 9303.8694 | AD16: 10699.064 | AE16: 11969.867 | AF16: 11809.451 | AG16: 11438.63 | AH16: 10710.704 | AI16: 9627.8741 | AJ16: 10911.958 | AK16: 11737.719 | AL16: 9503.5695 | AM16: 12056.327 | AN16: 11684.065 | AO16: 10996.746 | AP16: 11200.727 | AQ16: 10868.276 | AR16: 10819.219 | AS16: 10747.699 | AT16: 10193.99 | AU16: 10018.16 | AV16: 10115.598 | AW16: 11481.07 | AX16: 12419.395 | AY16: 10742.696 | AZ16: 10906.115 | BA16: 10431.37 | BB16: 10044.192 | BC16: 11295.406 | BD16: 9586.0137 | BE16: 11435.046 | BF16: 10945.967 | BG16: 10921.922 | BH16: 10765.194 | BI16: 9065.6762 | BJ16: 11464.738 | BK16: 10344.253 | BL16: 10841.825 | BM16: 9782.6926 | BN16: 12115.522 | BO16: 11445.363 | BP16: 10882.668 | BQ16: 11382.575 | BR16: 10626.679 | BS16: 11196.556 | BT16: 10019.746 | BU16: 11718.261 | BV16: 10404.912 | BW16: 12284.788 | BX16: 11257.137 | BY16: 10257.03 | BZ16: 10555.473 | CA16: 10520.907 | CB16: 11117.717 | CC16: 10663.819 | CD16: 11384.203 | CE16: 10399.596 | CF16: 11755.877 | CG16: 9882.0971 | CH16: 10547.62 | CI16: 10051.146 | CJ16: 9986.6384 | CK16: 10332.081 | CL16: 11778.426 | CM16: 10373.77 | CN16: 12315.897 | CO16: 10354.616 | CP16: 11056.678 | CQ16: 11438.515 | CR16: 10707.774 | CS16: 9386.1798 | CT16: 10320.16 | CU16: 11052.383 | CV16: 9548.1205 | CW16: 10286.113 | CX16: 10457.135 | CY16: 10289.625 | CZ16: 11991.251 | DA16: 11195.196 | DB16: 10674.942 | DC16: 10875.278 | DD16: 10055.878 | DE16: 12468.131 | DF16: 10731.548 | DG16: 10714.361 | DH16: 11005.124 | DI16: 10444.835 | DJ16: 10116.465 | DK16: 9954.8883 | DL16: 10547.047 | DM16: 11141.202 | DN16: 12190.295 | DO16: 11514.19 | DP16: 9584.9796 | DQ16: 9782.0307 | DR16: 9879.5455 | DS16: 9707.0289 | DT16: 11266.914 | DU16: 10202.133 | DV16: 12132.527 | DW16: 11238.569 | DX16: 11453.428 | DY16: 9827.477 | DZ16: 9796.3863 | EA16: 9426.6013 | EB16: 9377.1651 | EC16: 11297.074 | ED16: 10474.854 | EE16: 11244.358 | EF16: 9965.2426 | EG16: 10562.799 | EH16: 10716.464 | EI16: 10160.881 | EJ16: 11532.289 | EK16: 10551.373 | EL16: 9306.5119 | EM16: 10790.791 | EN16: 10114.886 | EO16: 12508.616 | EP16: 11325.568 | EQ16: 9068.209 | ER16: 10280.882 | ES16: 10781.351 | ET16: 10630.279 | EU16: 10831.819 | EV16: 10829.903 | EW16: 9850.2165 | EX16: 9797.4318 | EY16: 9852.742 | EZ16: 10697.036 | FA16: 12406.049 | FB16: 9740.673 | FC16: 9896.4334 | FD16: 10554.64 | FE16: 10153.042 | FF16: 9750.4541 | FG16: 11601.927 | FH16: 10985.396 | FI16: 9699.4068 | FJ16: 10476.782 | FK16: 10401.018 | FL16: 11832.732 | FM16: 10459.983 | FN16: 10275.512 | FO16: 10717.353 | FP16: 10821.911 | FQ16: 11307.203 | FR16: 11584.354 | FS16: 11034.044 | FT16: 10675.265 | FU16: 9654.7627 | FV16: 11731.283 | FW16: 9029.3783 | FX16: 11137.379 | FY16: 8673.5482 | FZ16: 10190.432 | GA16: 12109.999 | GB16: 11403.957 | GC16: 10472.652 | GD16: 9999.92 | GE16: 10432.746 | GF16: 9794.4661 | GG16: 10433.911 | GH16: 10573.212 | GI16: 11283.149 | GJ16: 10907.605 | GK16: 9685.6052 | GL16: 10351.99 | GM16: 10279.922 | GN16: 9977.6209 | GO16: 11216.933 | GP16: 10413.469 | GQ16: 11492.391 | GR16: 11495.69 | GS16: 10913.247 | GT16: 11373.241 | GU16: 9990.289 | GV16: 10088.381 | GW16: 12338.561 | GX16: 11115.878 | GY16: 10209.52 | GZ16: 9941.0488 | HA16: 10299.94 | HB16: 9624.8472 | HC16: 12436.933 | HD16: 9191.0924 | HE16: 10555.918 | HF16: 10170.022 | HG16: 11448.643 | HH16: 10271.324 | HI16: 11505.068 | HJ16: 10114.682 | HK16: 10213.15 | HL16: 11511.127 | HM16: 11000.814 | HN16: 10719.411 | HO16: 12671.012 | HP16: 10360.576 | HQ16: 11970.769 | HR16: 10490.11 | HS16: 11603.549 | HT16: 10264.018 | HU16: 9731.5565 | HV16: 9711.0297 | HW16: 11493.865 | HX16: 10814.913 | HY16: 10095.106 | HZ16: 10644.761 | IA16: 10833.446 | IB16: 11076.012 | IC16: 10758.867 | ID16: 10169.352 | IE16: 11420.327 | IF16: 10241.875 | IG16: 10639.959 | IH16: 11308.827 | II16: 9106.7208 | IJ16: 10455.246 | IK16: 11852.691 | IL16: 11103.239 | IM16: 10299.878 | IN16: 9779.2359 | IO16: 11151.319 | IP16: 10294.835 | IQ16: 10513.07 | IR16: 10068.121 | IS16: 10829.313 | IT16: 10920.308 | IU16: 9184.9146 | IV16: 9981.2496 | IW16: 11716.895 | IX16: 11961.621 | IY16: 10902.334 | IZ16: 11591.6 | JA16: 11859.474 | JB16: 11629.728 | JC16: 10123.298 | JD16: 10390.116 | JE16: 11072.954 | JF16: 11009.274 | JG16: 10921.372 | JH16: 9611.4025 | JI16: 11121.212 | JJ16: 11263.187 | JK16: 11275.255 | JL16: 10117.622 | JM16: 10552.971 | JN16: 9324.2148 | JO16: 12074.712 | JP16: 11262.385 | JQ16: 10156.789 | JR16: 10608.069 | JS16: 11024.521 | JT16: 10197.509 | JU16: 9586.6362 | JV16: 10375.013 | JW16: 10792.108 | JX16: 11244.002 | JY16: 10407.586 | JZ16: 9215.8413 | KA16: 10090.912 | KB16: 9976.1759 | KC16: 8356.6643 | KD16: 10617.264 | KE16: 10746.697 | KF16: 10618.795 | KG16: 11031.272 | KH16: 9564.8918 | KI16: 10280.7 | KJ16: 9778.0061 | KK16: 10935.725 | KL16: 10739.876 | KM16: 9950.1885 | KN16: 9689.9244 | KO16: 11221.299 | KP16: 10254.79 | KQ16: 10214.606 | KR16: 9492.2816 | KS16: 10781.382 | KT16: 10260.019 | KU16: 11002.259 | KV16: 10084.767 | KW16: 10867.261 | KX16: 9789.0116 | KY16: 10397.615 | KZ16: 9657.6417 | LA16: 10524.44 | LB16: 12684.718 | LC16: 10412.19 | LD16: 9570.0232 | LE16: 10815.182 | LF16: 10404.691 | LG16: 10688.646 | LH16: 11397.492 | LI16: 11193.446 | LJ16: 10425.372 | LK16: 11408.733 | LL16: 10384.225 | LM16: 11042.333 | LN16: 10153.418 | LO16: 11466.549 | LP16: 10405.999 | LQ16: 10610.216 | LR16: 9793.6438 | LS16: 10263.904 | LT16: 10180.492 | LU16: 9708.4158 | LV16: 11112.53 | LW16: 11531.521 | LX16: 9540.4873 | LY16: 10142.949 | LZ16: 11173.111 | MA16: 10980.232 | MB16: 10148.444 | MC16: 11098.466 | MD16: 11032.705 | ME16: 9461.3025 | MF16: 11084.561 | MG16: 9966.7875 | MH16: 10465.666 | MI16: 9193.0073 | MJ16: 10427.592 | MK16: 9926.4686 | ML16: 10734.429 | MM16: 9998.1538 | MN16: 12151.192 | MO16: 10916.649 | MP16: 10844.298 | MQ16: 11706.526 | MR16: 11729.051 | MS16: 11870.812 | MT16: 10572.886 | MU16: 11677.695 | MV16: 11727.813 | MW16: 11640.872 | MX16: 10340.035 | MY16: 10267.634 | MZ16: 12475.912 | NA16: 10439.305 | NB16: 10356.751 | NC16: 11301.665 | ND16: 12339.201 | NE16: 10539.996 | NF16: 10085.337 | NG16: 10410.88 | NH16: 10500.808 | NI16: 10132.575 | NJ16: 10698.155 | NK16: 10473.321 | NL16: 10063.097 | NM16: 9284.0396 | NN16: 9885.0093 | NO16: 10251.779 | NP16: 9971.6007 | NQ16: 10240.853 | NR16: 11057.433 | NS16: 10322.342 | NT16: 10776.883 | NU16: 10287.571 | NV16: 10498.267 | NW16: 9578.9186 | NX16: 11529.402 | NY16: 12365.741 | NZ16: 11598.767 | OA16: 11240.3 | OB16: 9793.257 | OC16: 10483.424 | OD16: 11538.466 | OE16: 10110.08 | OF16: 9672.049 | OG16: 11395.275 | OH16: 9904.3774 | OI16: 11291.363 | OJ16: 11103.032 | OK16: 10785.591 | OL16: 10846.492 | OM16: 10504.11 | ON16: 9808.0181 | OO16: 9032.7264 | OP16: 10563.504 | OQ16: 12966.704 | OR16: 9609.692 | OS16: 10327.076 | OT16: 10372.866 | OU16: 11887.126 | OV16: 12310.453 | OW16: 11652.509 | OX16: 10619.529 | OY16: 9258.1436 | OZ16: 11319.578 | PA16: 10773.82 | PB16: 10326.056 | PC16: 9433.0873 | PD16: 9526.1385 | PE16: 11174.66 | PF16: 9794.3781 | PG16: 9980.1911 | PH16: 9612.3538 | PI16: 10772.642 | PJ16: 9502.6771 | PK16: 11738.354 | PL16: 10943.7 | PM16: 9995.2054 | PN16: 11433.917 | PO16: 10848.863 | PP16: 10566.204 | PQ16: 10870.119 | PR16: 10457.675 | PS16: 11201.892 | PT16: 10591.651 | PU16: 11651.859 | PV16: 11353.283 | PW16: 9770.0351 | PX16: 9864.1042 | PY16: 9536.0458 | PZ16: 11525.995 | QA16: 12449.402 | QB16: 10622.087 | QC16: 11431.047 | QD16: 10126.988 | QE16: 10397.604 | QF16: 8398.3535 | QG16: 11296.91 | QH16: 10547.412 | QI16: 10357.914 | QJ16: 11740.115 | QK16: 10901.342 | QL16: 9959.5286 | QM16: 11798.7 | QN16: 11196.193 | QO16: 11256.866 | QP16: 10523.831 | QQ16: 9647.818 | QR16: 9504.8572 | QS16: 10124.01 | QT16: 11669.032 | QU16: 11012.087 | QV16: 11031.58 | QW16: 12174.499 | QX16: 9987.7593 | QY16: 9443.4618 | QZ16: 11197.621 | RA16: 9515.4352 | RB16: 10698.557 | RC16: 10211.34 | RD16: 12076.14 | RE16: 10745.188 | RF16: 10835.321 | RG16: 12168.608 | RH16: 10703.498 | RI16: 10868.881 | RJ16: 11406.417 | RK16: 10194.179 | RL16: 11332.863 | RM16: 10963.76 | RN16: 11055.038 | RO16: 10086.181 | RP16: 9425.0497 | RQ16: 11353.337 | RR16: 11077.852 | RS16: 9968.7548 | RT16: 10647.174 | RU16: 9544.6959 | RV16: 11006.109 | RW16: 11568.57 | RX16: 10098.905 | RY16: 10454.621 | RZ16: 10871.26 | SA16: 11094.23 | SB16: 10844.756 | SC16: 10371.275 | SD16: 9670.135 | SE16: 10638.588 | SF16: 11237.645 | SG16: 10070.485 | SH16: 11122.233 | SI16: 10030.328 | SJ16: 12157.891 | SK16: 10769.523 | SL16: 11558.796 | SM16: 9152.9974 | SN16: 10060.821 | SO16: 10984.887 | SP16: 10588.315 | SQ16: 10541.548 | SR16: 11291.963 | SS16: 10981.226 | ST16: 10245.224 | SU16: 10139.405 | SV16: 10639.395 | SW16: 9875.0304 | SX16: 10922.629 | SY16: 11518.45 | SZ16: 11400.837 | TA16: 11157.919 | TB16: 10399.107 | TC16: 11587.838 | TD16: 10218.412 | TE16: 10206.595 | TF16: 10632.921 | TG16: 11864.63 | TH16: 10888.53 | TI16: 10491.23 | TJ16: 10807.55 | TK16: 10533.242 | TL16: 11220.294 | TM16: 10039.184 | TN16: 9676.0013 | TO16: 10115.153 | TP16: 12089.761 | TQ16: 9744.4475 | TR16: 11294.241 | TS16: 11043.953 | TT16: 10453.306 | TU16: 11587.543 | TV16: 10713.077 | TW16: 11689.012 | TX16: 10107.786 | TY16: 9242.0353 | TZ16: 10380.977 | UA16: 10870.326 | UB16: 9826.9007 | UC16: 11030.041 | UD16: 12557.395 | UE16: 11081.093 | UF16: 11916.282 | UG16: 13301.921 | UH16: 11864.696 | UI16: 8908.6941 | UJ16: 12235.17 | UK16: 9529.9432 | UL16: 10468.288 | UM16: 11554.257 | UN16: 11454.438 | UO16: 11879.562 | UP16: 11109.976 | UQ16: 10490.268 | UR16: 10095.178 | US16: 11348.211 | UT16: 9544.5452 | UU16: 10598.337 | UV16: 11549.699 | UW16: 11881.064 | UX16: 11270.149 | UY16: 11355.726 | UZ16: 10865.703 | VA16: 10100.413 | VB16: 10873.068 | VC16: 10323.319 | VD16: 12502.351 | VE16: 11273.786 | VF16: 12973.117 | VG16: 11222.684 | VH16: 10914.292 | VI16: 12146.066 | VJ16: 10869.196 | VK16: 9453.2619 | VL16: 12231.444 | VM16: 11102.332 | VN16: 10501.81 | VO16: 10539.398 | VP16: 11659.425 | VQ16: 10411.636 | VR16: 8253.2274 | VS16: 9331.414 | VT16: 10340.773 | VU16: 10842.38 | VV16: 10020.272 | VW16: 11802.744 | VX16: 9708.097 | VY16: 10213.227 | VZ16: 10644.063 | WA16: 9757.0181 | WB16: 10404.404 | WC16: 9879.9595 | WD16: 10466.574 | WE16: 12682.819 | WF16: 11221.311 | WG16: 11032.386 | WH16: 9412.6059 | WI16: 10755.832 | WJ16: 10030.045 | WK16: 10177.84 | WL16: 11923.386 | WM16: 11567.767 | WN16: 9927.973 | WO16: 11463.876 | WP16: 10274.095 | WQ16: 11746.238 | WR16: 10516.23 | WS16: 9088.1716 | WT16: 10475.262 | WU16: 10705.306 | WV16: 10378.37 | WW16: 10936.354 | WX16: 9383.8416 | WY16: 10607.701 | WZ16: 10619.748 | XA16: 10235.305 | XB16: 10910.393 | XC16: 13147.842 | XD16: 10932.435 | XE16: 11759.072 | XF16: 10000.298 | XG16: 10174.355 | XH16: 10421.549 | XI16: 10672.618 | XJ16: 10634.308 | XK16: 10603.966 | XL16: 10675.8 | XM16: 10344.334 | XN16: 10372.516 | XO16: 11487.833 | XP16: 11550.546 | XQ16: 10428.346 | XR16: 11140.56 | XS16: 10107.278 | XT16: 9697.487 | XU16: 10532.048 | XV16: 10227.15 | XW16: 8700.2044 | XX16: 9621.8998 | XY16: 11706.218 | XZ16: 10638.325 | YA16: 10594.268 | YB16: 10483.45 | YC16: 10662.323 | YD16: 9544.5559 | YE16: 10899.501 | YF16: 11310.848 | YG16: 9580.8512 | YH16: 10201.823 | YI16: 9438.6694 | YJ16: 9641.0038 | YK16: 12150.425 | YL16: 10256.023 | YM16: 9848.2508 | YN16: 10046.852 | YO16: 8931.2853 | YP16: 10993.192 | YQ16: 10248.271 | YR16: 10832.5 | YS16: 9840.1076 | YT16: 10482.079 | YU16: 9106.0989 | YV16: 10856.008 | YW16: 10470.79 | YX16: 10638.437 | YY16: 11241.025 | YZ16: 11862.003 | ZA16: 10984.806 | ZB16: 11710.335 | ZC16: 10505.36 | ZD16: 11429.357 | ZE16: 10830.478 | ZF16: 9778.5095 | ZG16: 11060.394 | ZH16: 10208.438 | ZI16: 10301.446 | ZJ16: 10281.045 | ZK16: 11086.567 | ZL16: 10960.927 | ZM16: 9725.9966 | ZN16: 10795.186 | ZO16: 10558.117 | ZP16: 11398.4 | ZQ16: 10488.016 | ZR16: 11265.584 | ZS16: 9601.9552 | ZT16: 10483.332 | ZU16: 10995.243 | ZV16: 10802.399 | ZW16: 9687.5345 | ZX16: 10621.592 | ZY16: 10799.889 | ZZ16: 11793.623 | AAA16: 11124.486 | AAB16: 12087.434 | AAC16: 11348.983 | AAD16: 11711.968 | AAE16: 9954.1666 | AAF16: 8825.5887 | AAG16: 10461.208 | AAH16: 12193.977 | AAI16: 9960.9616 | AAJ16: 12122.382 | AAK16: 10732.073 | AAL16: 10307.319 | AAM16: 11105.594 | AAN16: 10509.704 | AAO16: 11008.199 | AAP16: 13656.654 | AAQ16: 10701.318 | AAR16: 11369.814 | AAS16: 10482.253 | AAT16: 9282.3665 | AAU16: 10213.119 | AAV16: 10245.185 | AAW16: 11294.294 | AAX16: 10369.614 | AAY16: 10893.039 | AAZ16: 11346.578 | ABA16: 9964.6304 | ABB16: 11072.691 | ABC16: 10173.612 | ABD16: 12250.319 | ABE16: 12491.367 | ABF16: 9788.465 | ABG16: 9655.4456 | ABH16: 9875.4575 | ABI16: 11701.777 | ABJ16: 12311.196 | ABK16: 10879.649 | ABL16: 10744.792 | ABM16: 10927.389 | ABN16: 12126.17 | ABO16: 9983.8424 | ABP16: 11100.696 | ABQ16: 10566.67 | ABR16: 10320.292 | ABS16: 10966.432 | ABT16: 11337.92 | ABU16: 8906.3157 | ABV16: 10268.578 | ABW16: 10494.482 | ABX16: 11381.823 | ABY16: 10172.721 | ABZ16: 11218.749 | ACA16: 11140.428 | ACB16: 9982.1657 | ACC16: 11013.031 | ACD16: 11314.114 | ACE16: 9731.4574 | ACF16: 11096.545 | ACG16: 10448.911 | ACH16: 10700.072 | ACI16: 10173.33 | ACJ16: 10183.85 | ACK16: 9696.7429 | ACL16: 11113.336 | ACM16: 9028.6304 | ACN16: 9864.7041 | ACO16: 10887.615 | ACP16: 11687.337 | ACQ16: 9575.1204 | ACR16: 10859.032 | ACS16: 10673.203 | ACT16: 10243.547 | ACU16: 10162.303 | ACV16: 10003.134 | ACW16: 11871.91 | ACX16: 11208.777 | ACY16: 10347.188 | ACZ16: 10410.741 | ADA16: 11730.812 | ADB16: 11503.863 | ADC16: 12257.861 | ADD16: 9693.1849 | ADE16: 10075.407 | ADF16: 9460.2578 | ADG16: 10089.828 | ADH16: 11076.609 | ADI16: 11074.85 | ADJ16: 11991.657 | ADK16: 10600.47 | ADL16: 10018.9 | ADM16: 9630.0617 | ADN16: 11164.35 | ADO16: 10352.383 | ADP16: 11198.081 | ADQ16: 10967.836 | ADR16: 11285.743 | ADS16: 10757.767 | ADT16: 11082.029 | ADU16: 11755.058 | ADV16: 9534.789 | ADW16: 10118.44 | ADX16: 11209.898 | ADY16: 10833.948 | ADZ16: 10612.125 | AEA16: 10543.02 | AEB16: 10930.996 | AEC16: 10303.887 | AED16: 11352.904 | AEE16: 10536.885 | AEF16: 9819.566 | AEG16: 10866.003 | AEH16: 9823.8466 | AEI16: 11323.731 | AEJ16: 11149.665 | AEK16: 10714.443 | AEL16: 12285.49 | AEM16: 11041.187 | AEN16: 10689.565 | AEO16: 9755.9176 | AEP16: 10020.923 | AEQ16: 10224.102 | AER16: 11156.146 | AES16: 10200.917 | AET16: 9670.9318 | AEU16: 10926.594 | AEV16: 10439.556 | AEW16: 11483.756 | AEX16: 10315.631 | AEY16: 12727.022 | AEZ16: 10601.989 | AFA16: 12012.291 | AFB16: 10477.244 | AFC16: 10352.789 | AFD16: 10417.711 | AFE16: 10488.537 | AFF16: 9621.8985 | AFG16: 10293.79 | AFH16: 10581.147 | AFI16: 10848.678 | AFJ16: 10482.506 | AFK16: 12059.133 | AFL16: 11326.188 | AFM16: 10970.636 | AFN16: 10258.032 | AFO16: 11355.938 | AFP16: 9625.2897 | AFQ16: 11543.292 | AFR16: 10376.787 | AFS16: 10722.14 | AFT16: 10822.466 | AFU16: 10531.299 | AFV16: 10281.697 | AFW16: 10570.981 | AFX16: 9509.2276 | AFY16: 9723.9661 | AFZ16: 10759.787 | AGA16: 10972.294 | AGB16: 11464.956 | AGC16: 11136.843 | AGD16: 9390.4375 | AGE16: 11497.638 | AGF16: 10373.344 | AGG16: 10597.178 | AGH16: 10656.073 | AGI16: 10601.337 | AGJ16: 11350.04 | AGK16: 10982.89 | AGL16: 10228.023 | AGM16: 10606.045 | AGN16: 9483.7022 | AGO16: 10055.297 | AGP16: 9618.6215 | AGQ16: 9542.2287 | AGR16: 10384.527 | AGS16: 9502.0472 | AGT16: 10864.123 | AGU16: 9526.7484 | AGV16: 11678.825 | AGW16: 11165.538 | AGX16: 10999.477 | AGY16: 11040.024 | AGZ16: 9828.0158 | AHA16: 9624.5207 | AHB16: 9870.2931 | AHC16: 9775.0795 | AHD16: 12106.094 | AHE16: 10724.189 | AHF16: 12648.37 | AHG16: 10522.086 | AHH16: 9631.2835 | AHI16: 9955.1815 | AHJ16: 11238.665 | AHK16: 9570.9963 | AHL16: 11423.669 | AHM16: 10408.634 | AHN16: 12276.622 | AHO16: 11219.862 | AHP16: 11434.666 | AHQ16: 10418.676 | AHR16: 10559.682 | AHS16: 9146.3525 | AHT16: 11811.357 | AHU16: 11321.636 | AHV16: 10732.73 | AHW16: 11687.962 | AHX16: 10578.851 | AHY16: 10223.563 | AHZ16: 10112.427 | AIA16: 10817.428 | AIB16: 11424.394 | AIC16: 11947.049 | AID16: 10803.25 | AIE16: 11677.192 | AIF16: 9657.8852 | AIG16: 10711.685 | AIH16: 11029.573 | AII16: 10769.761 | AIJ16: 11508.812 | AIK16: 10552.63 | AIL16: 9811.3469 | AIM16: 9830.8011 | AIN16: 11209.142 | AIO16: 10064.497 | AIP16: 9001.6513 | AIQ16: 11148.901 | AIR16: 11592.916 | AIS16: 10728.496 | AIT16: 10627.61 | AIU16: 10102.633 | AIV16: 12013.83 | AIW16: 10730.409 | AIX16: 11502.891 | AIY16: 10667.382 | AIZ16: 11006.473 | AJA16: 10359.03 | AJB16: 9797.051 | AJC16: 10134.281 | AJD16: 11473.409 | AJE16: 11264.6 | AJF16: 10655.933 | AJG16: 9058.4203 | AJH16: 10753.931 | AJI16: 10054.912 | AJJ16: 10620.582 | AJK16: 10494.723 | AJL16: 10526.112 | AJM16: 11861.942 | AJN16: 10395.896 | AJO16: 10514.812 | AJP16: 10567.821 | AJQ16: 10755.473 | AJR16: 9387.2609 | AJS16: 10386.614 | AJT16: 9991.3841 | AJU16: 9496.6396 | AJV16: 11443.076 | AJW16: 9154.3137 | AJX16: 10122.23 | AJY16: 9299.3384 | AJZ16: 11696.829 | AKA16: 9102.6686 | AKB16: 10311.733 | AKC16: 10885.231 | AKD16: 12183.012 | AKE16: 10361.675 | AKF16: 11381.929 | AKG16: 9828.836 | AKH16: 9388.6568 | AKI16: 11336.053 | AKJ16: 10996.663 | AKK16: 9438.2106 | AKL16: 9449.686 | AKM16: 11227.419 | AKN16: 10377.917 | AKO16: 10472.032 | AKP16: 10842.003 | AKQ16: 11211.32 | AKR16: 10537.338 | AKS16: 8400.4281 | AKT16: 10484.13 | AKU16: 9187.1739 | AKV16: 11549.397 | AKW16: 9692.9025 | AKX16: 11829.509 | AKY16: 10907.426 | AKZ16: 9990.8066 | ALA16: 9706.4876 | ALB16: 8765.6647 | ALC16: 10667.225 | ALD16: 10828.866 | ALE16: 12637.134 | ALF16: 11405.689 | ALG16: 10433.183 | ALH16: 8948.9777 | ALI16: 9758.6312 | ALJ16: 10426.451 | ALK16: 11740.579 | ALL16: 10691.717 | ALM16: 10024.56
A17: 4 | B17: 9342.6447 | C17: 11375.167 | D17: 9489.5894 | E17: 9560.4861 | F17: 11121.258 | G17: 11628.287 | H17: 10876.912 | I17: 11328.357 | J17: 12121.553 | K17: 9493.4026 | L17: 10724.76 | M17: 9219.3503 | N17: 12054.794 | O17: 11319.008 | P17: 9881.3226 | Q17: 9051.5794 | R17: 10731.303 | S17: 10802.712 | T17: 12588.189 | U17: 10569.5 | V17: 10211.636 | W17: 10532.516 | X17: 8746.5663 | Y17: 10611.669 | Z17: 10913.553 | AA17: 10220.199 | AB17: 10926.21 | AC17: 10250.279 | AD17: 10582.247 | AE17: 12409.548 | AF17: 11182.791 | AG17: 11880.682 | AH17: 10760.425 | AI17: 9312.1934 | AJ17: 10916.196 | AK17: 11812.34 | AL17: 10144.141 | AM17: 11973.602 | AN17: 11665.826 | AO17: 10867.793 | AP17: 10940.619 | AQ17: 10688.979 | AR17: 10991.282 | AS17: 9905.8349 | AT17: 11279.316 | AU17: 10555.026 | AV17: 10133.779 | AW17: 10785.5 | AX17: 12695.948 | AY17: 10926.746 | AZ17: 10805.233 | BA17: 11011.593 | BB17: 10477.187 | BC17: 11120.75 | BD17: 9779.1647 | BE17: 11467.359 | BF17: 11431.282 | BG17: 11048.561 | BH17: 11017.883 | BI17: 8973.0272 | BJ17: 11286.528 | BK17: 10538.669 | BL17: 10243.94 | BM17: 9067.3498 | BN17: 11580.434 | BO17: 11950.619 | BP17: 11276.807 | BQ17: 10543.197 | BR17: 11224.946 | BS17: 10867.995 | BT17: 10846.503 | BU17: 11505.132 | BV17: 10360.453 | BW17: 11983.252 | BX17: 12538.895 | BY17: 11048.184 | BZ17: 11029.392 | CA17: 10757.067 | CB17: 11779.631 | CC17: 11177.246 | CD17: 11094.515 | CE17: 10622.872 | CF17: 12112.766 | CG17: 10442.762 | CH17: 10592.158 | CI17: 10573.506 | CJ17: 9684.8759 | CK17: 11013.162 | CL17: 11775.88 | CM17: 10263.842 | CN17: 11649.031 | CO17: 10953.119 | CP17: 11151.076 | CQ17: 9882.8063 | CR17: 10615.591 | CS17: 9269.4589 | CT17: 10986.12 | CU17: 11625.112 | CV17: 9377.4347 | CW17: 10556.892 | CX17: 10837.951 | CY17: 10015.325 | CZ17: 11970.912 | DA17: 11620.827 | DB17: 11336.152 | DC17: 10773.334 | DD17: 10086.264 | DE17: 12598.458 | DF17: 10681.895 | DG17: 10616.583 | DH17: 11698.967 | DI17: 10937.676 | DJ17: 10368.425 | DK17: 9973.4573 | DL17: 10424.083 | DM17: 11701.523 | DN17: 11723.493 | DO17: 11639.558 | DP17: 10647.345 | DQ17: 9920.4132 | DR17: 10240.716 | DS17: 10732.227 | DT17: 11461.32 | DU17: 10944.482 | DV17: 12039.767 | DW17: 11864.857 | DX17: 11828.093 | DY17: 10091.86 | DZ17: 9590.2278 | EA17: 9208.8803 | EB17: 9395.8461 | EC17: 10999.402 | ED17: 10638.809 | EE17: 11544.236 | EF17: 10508.004 | EG17: 11301.449 | EH17: 10142.302 | EI17: 10560.488 | EJ17: 10826.233 | EK17: 11387 | EL17: 9966.1977 | EM17: 10661.122 | EN17: 10066.004 | EO17: 13021.275 | EP17: 11141.707 | EQ17: 9428.8059 | ER17: 10819.463 | ES17: 11367.31 | ET17: 10427.36 | EU17: 11048.603 | EV17: 11349.185 | EW17: 10102.799 | EX17: 10292.238 | EY17: 9708.5858 | EZ17: 10452.113 | FA17: 12387.489 | FB17: 10502.026 | FC17: 10186.985 | FD17: 10706.887 | FE17: 10234.504 | FF17: 10231.512 | FG17: 11686.86 | FH17: 10785.765 | FI17: 9840.0671 | FJ17: 10534.134 | FK17: 10204.584 | FL17: 12051.133 | FM17: 10243.043 | FN17: 10890.4 | FO17: 11231.479 | FP17: 11097.418 | FQ17: 11972.101 | FR17: 11462.741 | FS17: 11540.559 | FT17: 10438.214 | FU17: 10202.382 | FV17: 12963.859 | FW17: 9504.3093 | FX17: 11729.214 | FY17: 8403.8254 | FZ17: 10608.235 | GA17: 12001.745 | GB17: 11991.665 | GC17: 10240.362 | GD17: 9657.7188 | GE17: 11322.09 | GF17: 9716.8353 | GG17: 10901.086 | GH17: 10531.975 | GI17: 11972.475 | GJ17: 11083.457 | GK17: 8972.1744 | GL17: 10682.72 | GM17: 10198.961 | GN17: 10302.582 | GO17: 11280.922 | GP17: 10273.449 | GQ17: 11868.048 | GR17: 11405.569 | GS17: 10679.058 | GT17: 13190.604 | GU17: 9724.4284 | GV17: 10142.756 | GW17: 13172.084 | GX17: 11464.254 | GY17: 10256.79 | GZ17: 10002.767 | HA17: 10820.425 | HB17: 11062.567 | HC17: 12308.893 | HD17: 9243.9722 | HE17: 11431.718 | HF17: 10220.913 | HG17: 10695.121 | HH17: 10084.821 | HI17: 11771.404 | HJ17: 9748.8884 | HK17: 10974.357 | HL17: 12573.179 | HM17: 10522.137 | HN17: 11488.523 | HO17: 13545.043 | HP17: 10703.677 | HQ17: 12430.671 | HR17: 10208.633 | HS17: 12039.495 | HT17: 10475.287 | HU17: 10983.887 | HV17: 10097.271 | HW17: 11327.971 | HX17: 11661.34 | HY17: 9372.9512 | HZ17: 10842.682 | IA17: 11489.314 | IB17: 10207.035 | IC17: 10537.132 | ID17: 10973.282 | IE17: 12275.422 | IF17: 10872.944 | IG17: 10879.239 | IH17: 11590.63 | II17: 9357.1816 | IJ17: 11150.788 | IK17: 12326.275 | IL17: 11871.855 | IM17: 9808.862 | IN17: 10612.884 | IO17: 11351.98 | IP17: 10654.615 | IQ17: 10953.823 | IR17: 10284.259 | IS17: 11008.572 | IT17: 11573.93 | IU17: 9528.3285 | IV17: 10367.623 | IW17: 11710.386 | IX17: 12250.918 | IY17: 11720.053 | IZ17: 10966.03 | JA17: 11902.34 | JB17: 12573.895 | JC17: 10533.825 | JD17: 9849.5909 | JE17: 11349.938 | JF17: 10552.143 | JG17: 11171.559 | JH17: 10127.117 | JI17: 11218.818 | JJ17: 11543.339 | JK17: 10774.293 | JL17: 11394.898 | JM17: 11190.626 | JN17: 10107.408 | JO17: 11865.613 | JP17: 11769.245 | JQ17: 9855.6482 | JR17: 10576.666 | JS17: 11074.96 | JT17: 10489.054 | JU17: 10082.498 | JV17: 11042.847 | JW17: 11143.016 | JX17: 10778.143 | JY17: 10959.988 | JZ17: 9775.2574 | KA17: 10590.418 | KB17: 10479.415 | KC17: 8398.4968 | KD17: 11497.444 | KE17: 11270.135 | KF17: 11073.454 | KG17: 10614.64 | KH17: 9500.7376 | KI17: 9765.1309 | KJ17: 9967.7686 | KK17: 10775.428 | KL17: 11083.001 | KM17: 9764.0729 | KN17: 10412.877 | KO17: 11967.122 | KP17: 11143.583 | KQ17: 10215.586 | KR17: 10535.884 | KS17: 11355.885 | KT17: 10285.286 | KU17: 10891.328 | KV17: 9673.222 | KW17: 11460.42 | KX17: 9564.3878 | KY17: 10489.917 | KZ17: 9556.1692 | LA17: 11117.185 | LB17: 12533.106 | LC17: 9973.2158 | LD17: 9944.916 | LE17: 11088.815 | LF17: 10289.748 | LG17: 11273.757 | LH17: 10973.714 | LI17: 10907.658 | LJ17: 11576.951 | LK17: 12109.984 | LL17: 11114.293 | LM17: 10426.512 | LN17: 10264.262 | LO17: 12071.437 | LP17: 10455.274 | LQ17: 11832.121 | LR17: 9745.8939 | LS17: 10036.626 | LT17: 10763.16 | LU17: 10254.045 | LV17: 10711.794 | LW17: 11102.868 | LX17: 9235.0189 | LY17: 10649.381 | LZ17: 11341.36 | MA17: 10451.118 | MB17: 10251.076 | MC17: 11592.127 | MD17: 11448.105 | ME17: 9835.0692 | MF17: 11098.064 | MG17: 10726.312 | MH17: 11634.228 | MI17: 9196.9031 | MJ17: 10947.176 | MK17: 10120.42 | ML17: 11811.318 | MM17: 10297.009 | MN17: 13494.93 | MO17: 11288.736 | MP17: 10488.749 | MQ17: 12585.22 | MR17: 12342.786 | MS17: 12366.413 | MT17: 10440.894 | MU17: 12486.185 | MV17: 11465.768 | MW17: 12087.313 | MX17: 11249.606 | MY17: 10186.947 | MZ17: 13179.659 | NA17: 10247.237 | NB17: 11206.373 | NC17: 11739.105 | ND17: 12101.565 | NE17: 11149.121 | NF17: 10893.888 | NG17: 10660.735 | NH17: 9951.2661 | NI17: 9882.6097 | NJ17: 11278.873 | NK17: 11322.385 | NL17: 11081.565 | NM17: 8919.9487 | NN17: 10055.319 | NO17: 10379.39 | NP17: 10080.134 | NQ17: 10530.455 | NR17: 11462.537 | NS17: 10730.182 | NT17: 10602.66 | NU17: 10556.698 | NV17: 11319.351 | NW17: 10008.261 | NX17: 10713.148 | NY17: 12010.017 | NZ17: 12288.895 | OA17: 10936.266 | OB17: 9981.4123 | OC17: 10875.512 | OD17: 11786.009 | OE17: 10177.879 | OF17: 10564.259 | OG17: 11924.224 | OH17: 9864.8509 | OI17: 12004.629 | OJ17: 10592.564 | OK17: 11210.372 | OL17: 10669.476 | OM17: 10478.862 | ON17: 9910.3229 | OO17: 9577.7939 | OP17: 10418.753 | OQ17: 13301.109 | OR17: 9690.9096 | OS17: 9963.7594 | OT17: 10995.198 | OU17: 12067.943 | OV17: 12466.536 | OW17: 11623.007 | OX17: 9865.6694 | OY17: 9920.2114 | OZ17: 11630.108 | PA17: 10804.202 | PB17: 10554.094 | PC17: 8822.7704 | PD17: 10149.935 | PE17: 10485.909 | PF17: 10119.297 | PG17: 10030.383 | PH17: 9975.3756 | PI17: 10245.697 | PJ17: 9770.8805 | PK17: 11816.061 | PL17: 11297.424 | PM17: 10052.701 | PN17: 12204.514 | PO17: 11530.797 | PP17: 10564.124 | PQ17: 10920.508 | PR17: 10323.339 | PS17: 11074.166 | PT17: 10769.769 | PU17: 11566.651 | PV17: 11386.225 | PW17: 10391.895 | PX17: 9968.823 | PY17: 9849.4009 | PZ17: 11354.049 | QA17: 11391.204 | QB17: 11656.048 | QC17: 11530.844 | QD17: 10363.939 | QE17: 10957.781 | QF17: 7874.8631 | QG17: 11339.819 | QH17: 11324.636 | QI17: 10301.064 | QJ17: 12050.523 | QK17: 11886.625 | QL17: 10466.213 | QM17: 12496.035 | QN17: 11563.771 | QO17: 12196.556 | QP17: 11407.934 | QQ17: 9598.0817 | QR17: 9748.3472 | QS17: 9776.2245 | QT17: 10991.033 | QU17: 10577.98 | QV17: 11311.414 | QW17: 13085.354 | QX17: 9899.356 | QY17: 9971.2747 | QZ17: 10935.524 | RA17: 9236.9272 | RB17: 10424.208 | RC17: 10277.87 | RD17: 11244.153 | RE17: 10995.553 | RF17: 10777.269 | RG17: 12721.161 | RH17: 10271.447 | RI17: 10491.089 | RJ17: 11717.306 | RK17: 10577.665 | RL17: 10839.803 | RM17: 10969.732 | RN17: 10364.057 | RO17: 10890.237 | RP17: 9207.5135 | RQ17: 11419.907 | RR17: 10703.547 | RS17: 10224.99 | RT17: 10610.09 | RU17: 9635.3805 | RV17: 11662.462 | RW17: 12123.1 | RX17: 9870.9768 | RY17: 11024.494 | RZ17: 11352.349 | SA17: 12167.588 | SB17: 11332.483 | SC17: 10835.769 | SD17: 10509.962 | SE17: 11376.979 | SF17: 11554.445 | SG17: 9548.592 | SH17: 10989.528 | SI17: 10403.329 | SJ17: 12629.113 | SK17: 12181.725 | SL17: 11286.201 | SM17: 9763.587 | SN17: 10185.938 | SO17: 11900.668 | SP17: 10661.165 | SQ17: 10684.22 | SR17: 11338.187 | SS17: 11032.539 | ST17: 11549.199 | SU17: 10656.773 | SV17: 10949.992 | SW17: 9658.2565 | SX17: 12411.864 | SY17: 11951.902 | SZ17: 12461.776 | TA17: 11606.722 | TB17: 10696.698 | TC17: 11873.169 | TD17: 10068.973 | TE17: 9957.5993 | TF17: 11127.892 | TG17: 11622.717 | TH17: 10905.919 | TI17: 10912.777 | TJ17: 10999.675 | TK17: 10506.534 | TL17: 11252.819 | TM17: 11063.002 | TN17: 9918.2792 | TO17: 11185.485 | TP17: 11781.031 | TQ17: 10107.01 | TR17: 12024.3 | TS17: 11220.496 | TT17: 11194.562 | TU17: 11774.508 | TV17: 11257.098 | TW17: 12325.663 | TX17: 10814.001 | TY17: 9667.6275 | TZ17: 9766.4239 | UA17: 12007.1 | UB17: 10824.253 | UC17: 10954.623 | UD17: 12577.074 | UE17: 11291.467 | UF17: 11865.044 | UG17: 14231.484 | UH17: 12038.028 | UI17: 9363.6473 | UJ17: 11904.25 | UK17: 9870.2609 | UL17: 10861.524 | UM17: 11602.365 | UN17: 12030.744 | UO17: 11913.246 | UP17: 11406.136 | UQ17: 10593.287 | UR17: 10530.047 | US17: 11005.426 | UT17: 9561.4595 | UU17: 10827.643 | UV17: 11125.372 | UW17: 12008.528 | UX17: 11394.273 | UY17: 11519.631 | UZ17: 11191.659 | VA17: 10990.776 | VB17: 11120.514 | VC17: 10615.831 | VD17: 12845.353 | VE17: 11540.274 | VF17: 13016.431 | VG17: 12158.142 | VH17: 10941.381 | VI17: 12414.193 | VJ17: 11350.041 | VK17: 10150.21 | VL17: 13050.481 | VM17: 11685.068 | VN17: 10733.255 | VO17: 9997.5664 | VP17: 11840.788 | VQ17: 10609.707 | VR17: 7986.836 | VS17: 9717.5605 | VT17: 10094.517 | VU17: 10852.569 | VV17: 9999.2153 | VW17: 12604.848 | VX17: 10253.137 | VY17: 10969.623 | VZ17: 10856.22 | WA17: 9988.6709 | WB17: 10531.712 | WC17: 10376.485 | WD17: 10583.218 | WE17: 12145.211 | WF17: 11008.173 | WG17: 10670.999 | WH17: 9719.5636 | WI17: 11226.472 | WJ17: 10229.876 | WK17: 10321.678 | WL17: 12076.784 | WM17: 11522.958 | WN17: 10115.263 | WO17: 11621.302 | WP17: 11081.714 | WQ17: 11474.732 | WR17: 11384.779 | WS17: 9058.4348 | WT17: 10884.219 | WU17: 12050.287 | WV17: 9705.7583 | WW17: 10881.099 | WX17: 9682.8684 | WY17: 10783.457 | WZ17: 11155.6 | XA17: 10783.66 | XB17: 10972.804 | XC17: 12816.934 | XD17: 11764.551 | XE17: 12459.125 | XF17: 10605.256 | XG17: 10387.091 | XH17: 10100.877 | XI17: 11117.476 | XJ17: 10733.099 | XK17: 11091.189 | XL17: 11685.279 | XM17: 11942.279 | XN17: 10014.199 | XO17: 12494.05 | XP17: 11514.118 | XQ17: 10392.636 | XR17: 11899.904 | XS17: 10817.089 | XT17: 10451.472 | XU17: 10847.305 | XV17: 10627.837 | XW17: 9043.4097 | XX17: 9548.4537 | XY17: 11754.246 | XZ17: 10753.487 | YA17: 10966.197 | YB17: 10801.544 | YC17: 10988.336 | YD17: 9538.2416 | YE17: 10496.029 | YF17: 11444.277 | YG17: 8968.1425 | YH17: 9862.0956 | YI17: 9801.5873 | YJ17: 10371.018 | YK17: 12821.863 | YL17: 10381.682 | YM17: 10117.802 | YN17: 10229.966 | YO17: 8963.8576 | YP17: 11517.298 | YQ17: 11313.52 | YR17: 11120.734 | YS17: 9741.2473 | YT17: 10378.366 | YU17: 9218.2832 | YV17: 11259.58 | YW17: 11626.475 | YX17: 10832.237 | YY17: 11560.216 | YZ17: 11790.936 | ZA17: 12321.824 | ZB17: 12214.761 | ZC17: 10331.597 | ZD17: 11618.6 | ZE17: 11419.02 | ZF17: 9723.0232 | ZG17: 10425.238 | ZH17: 10722.981 | ZI17: 10453.375 | ZJ17: 10412.37 | ZK17: 11089.522 | ZL17: 11617.728 | ZM17: 9769.5319 | ZN17: 10191.182 | ZO17: 10790.637 | ZP17: 11553.583 | ZQ17: 10760.479 | ZR17: 11065.934 | ZS17: 10581.774 | ZT17: 10448.594 | ZU17: 12271.091 | ZV17: 10680.125 | ZW17: 9845.3525 | ZX17: 10473.253 | ZY17: 11025.348 | ZZ17: 11793.584 | AAA17: 10744.983 | AAB17: 12132.875 | AAC17: 11391.398 | AAD17: 11095.213 | AAE17: 10681.426 | AAF17: 8925.1154 | AAG17: 10396.189 | AAH17: 13558.367 | AAI17: 10459.318 | AAJ17: 11822.376 | AAK17: 11045.224 | AAL17: 10184.704 | AAM17: 11709.861 | AAN17: 10650.598 | AAO17: 11322.516 | AAP17: 13022.116 | AAQ17: 11220.984 | AAR17: 12144.542 | AAS17: 11285.457 | AAT17: 9095.5832 | AAU17: 10040.056 | AAV17: 9789.9465 | AAW17: 12292.758 | AAX17: 10783.638 | AAY17: 11274.146 | AAZ17: 11564.923 | ABA17: 10281.32 | ABB17: 11668.887 | ABC17: 11282.086 | ABD17: 12462.348 | ABE17: 13090.615 | ABF17: 10061.835 | ABG17: 9377.9292 | ABH17: 10029.252 | ABI17: 11383.779 | ABJ17: 11181.012 | ABK17: 11520.319 | ABL17: 10881.341 | ABM17: 11486.543 | ABN17: 13557.225 | ABO17: 10023.112 | ABP17: 11325.578 | ABQ17: 11337.163 | ABR17: 11035.596 | ABS17: 11242.022 | ABT17: 12220.723 | ABU17: 8546.7246 | ABV17: 9675.7423 | ABW17: 10714.264 | ABX17: 11646.289 | ABY17: 10273.705 | ABZ17: 12124.025 | ACA17: 11600.323 | ACB17: 10295.308 | ACC17: 11610.58 | ACD17: 11251.076 | ACE17: 9726.5253 | ACF17: 11729.398 | ACG17: 10712.169 | ACH17: 11037.706 | ACI17: 10621.369 | ACJ17: 10354.984 | ACK17: 9467.3217 | ACL17: 11616.683 | ACM17: 9064.2721 | ACN17: 10598.5 | ACO17: 11686.243 | ACP17: 11279.194 | ACQ17: 9582.6744 | ACR17: 11251.889 | ACS17: 9535.0454 | ACT17: 9974.0788 | ACU17: 10898.891 | ACV17: 9802.7038 | ACW17: 13276.553 | ACX17: 10947.713 | ACY17: 10490.511 | ACZ17: 9206.44 | ADA17: 12782.063 | ADB17: 11831.16 | ADC17: 12679.109 | ADD17: 9304.4145 | ADE17: 10780.267 | ADF17: 9463.0842 | ADG17: 10381.42 | ADH17: 12034.179 | ADI17: 10954.777 | ADJ17: 12224.497 | ADK17: 10802.669 | ADL17: 10464.415 | ADM17: 10207.056 | ADN17: 11644.897 | ADO17: 11019.988 | ADP17: 11053.443 | ADQ17: 10515.292 | ADR17: 10750.755 | ADS17: 11130.416 | ADT17: 11734.792 | ADU17: 12033.247 | ADV17: 9899.036 | ADW17: 11501.866 | ADX17: 12055.946 | ADY17: 11396.722 | ADZ17: 10864.152 | AEA17: 11056.995 | AEB17: 11022.737 | AEC17: 10885.15 | AED17: 11416.194 | AEE17: 10522.693 | AEF17: 10100.312 | AEG17: 10754.482 | AEH17: 10245.597 | AEI17: 12037.901 | AEJ17: 11877.674 | AEK17: 11008.887 | AEL17: 13011.037 | AEM17: 11556.393 | AEN17: 11036.291 | AEO17: 9908.1083 | AEP17: 10367.702 | AEQ17: 10428.886 | AER17: 11362.546 | AES17: 10713.044 | AET17: 10626.5 | AEU17: 10628.131 | AEV17: 10458.894 | AEW17: 11922.982 | AEX17: 9923.6747 | AEY17: 12476.179 | AEZ17: 10229.017 | AFA17: 12751.423 | AFB17: 11045.001 | AFC17: 10700.777 | AFD17: 9876.7469 | AFE17: 9855.0995 | AFF17: 10051.723 | AFG17: 10431.036 | AFH17: 10673.612 | AFI17: 11204.053 | AFJ17: 10827.533 | AFK17: 11620.5 | AFL17: 10866.257 | AFM17: 11275.049 | AFN17: 10354.51 | AFO17: 10663.737 | AFP17: 9909.1399 | AFQ17: 11867.957 | AFR17: 10986.245 | AFS17: 10892.664 | AFT17: 11351.147 | AFU17: 10951.173 | AFV17: 11350.01 | AFW17: 11089.392 | AFX17: 9730.6265 | AFY17: 10642.742 | AFZ17: 10800.579 | AGA17: 10941.684 | AGB17: 12002.138 | AGC17: 11416.16 | AGD17: 9479.7096 | AGE17: 12471.316 | AGF17: 10384.94 | AGG17: 10681.934 | AGH17: 11050.239 | AGI17: 10208.307 | AGJ17: 11425.664 | AGK17: 11237.804 | AGL17: 9868.6734 | AGM17: 11268.757 | AGN17: 9784.4568 | AGO17: 10541.244 | AGP17: 9921.395 | AGQ17: 9768.279 | AGR17: 10189.785 | AGS17: 10154.165 | AGT17: 10838.392 | AGU17: 9989.283 | AGV17: 11698.477 | AGW17: 11978.811 | AGX17: 11672.23 | AGY17: 11928.86 | AGZ17: 10135.853 | AHA17: 10367.751 | AHB17: 9576.4972 | AHC17: 9719.6356 | AHD17: 12797.135 | AHE17: 10998.097 | AHF17: 13137.847 | AHG17: 11181.419 | AHH17: 9898.9043 | AHI17: 9643.4296 | AHJ17: 11153.43 | AHK17: 9393.6599 | AHL17: 11779.931 | AHM17: 10985.813 | AHN17: 13094.354 | AHO17: 11454.427 | AHP17: 12045.266 | AHQ17: 10538.271 | AHR17: 10778.134 | AHS17: 9727.2047 | AHT17: 11934.11 | AHU17: 11380.419 | AHV17: 11065.346 | AHW17: 11564.593 | AHX17: 10310.456 | AHY17: 10196.682 | AHZ17: 10423.76 | AIA17: 10652.687 | AIB17: 12577.725 | AIC17: 12444.88 | AID17: 12144.244 | AIE17: 12149.487 | AIF17: 9994.1677 | AIG17: 10826.838 | AIH17: 11262.606 | AII17: 11597.9 | AIJ17: 11589.069 | AIK17: 11119.801 | AIL17: 10440.366 | AIM17: 9860.7695 | AIN17: 11038.135 | AIO17: 10173.938 | AIP17: 9471.2803 | AIQ17: 11916.477 | AIR17: 12327.364 | AIS17: 10045.642 | AIT17: 10763.027 | AIU17: 9757.9856 | AIV17: 13131.312 | AIW17: 10813.647 | AIX17: 12064.717 | AIY17: 10865.327 | AIZ17: 10785.543 | AJA17: 11089.284 | AJB17: 10367.054 | AJC17: 10040.6 | AJD17: 12673.481 | AJE17: 11379.481 | AJF17: 10816.365 | AJG17: 9118.0882 | AJH17: 10466.555 | AJI17: 10274.919 | AJJ17: 10357.114 | AJK17: 10856.031 | AJL17: 11272.681 | AJM17: 12250.072 | AJN17: 10988.287 | AJO17: 10450.206 | AJP17: 10549.717 | AJQ17: 10701.639 | AJR17: 9308.1345 | AJS17: 10911.201 | AJT17: 9919.7018 | AJU17: 9840.2498 | AJV17: 10929.196 | AJW17: 9461.7447 | AJX17: 10305.01 | AJY17: 10172.569 | AJZ17: 11239.092 | AKA17: 8694.0142 | AKB17: 10487.967 | AKC17: 10422.058 | AKD17: 12271.062 | AKE17: 10646.023 | AKF17: 11017.551 | AKG17: 10000.727 | AKH17: 9495.3223 | AKI17: 10710.316 | AKJ17: 11373.098 | AKK17: 9155.6035 | AKL17: 9754.3321 | AKM17: 11649.597 | AKN17: 10958.332 | AKO17: 10480.655 | AKP17: 11151.925 | AKQ17: 11699.988 | AKR17: 10966.922 | AKS17: 8546.0696 | AKT17: 11153.47 | AKU17: 9323.7854 | AKV17: 11395.698 | AKW17: 9718.0061 | AKX17: 13181.576 | AKY17: 11525.474 | AKZ17: 10387.692 | ALA17: 9931.361 | ALB17: 9041.8873 | ALC17: 10940.805 | ALD17: 11904.03 | ALE17: 12527.514 | ALF17: 12126.096 | ALG17: 10837.148 | ALH17: 9601.9785 | ALI17: 10209.89 | ALJ17: 10492.68 | ALK17: 11941.122 | ALL17: 10958.474 | ALM17: 10594.581
A18: 5 | B18: 9523.683 | C18: 12405.692 | D18: 9781.4572 | E18: 9712.6624 | F18: 11354.5 | G18: 11814.918 | H18: 11220.91 | I18: 11075.473 | J18: 11524.899 | K18: 9780.0811 | L18: 10650.467 | M18: 9335.0379 | N18: 12155.67 | O18: 11704.471 | P18: 9935.8005 | Q18: 9435.0146 | R18: 11763.886 | S18: 10973.084 | T18: 12820.841 | U18: 10157.791 | V18: 9864.7295 | W18: 11299.24 | X18: 8752.2479 | Y18: 10941.855 | Z18: 11353.943 | AA18: 11154.245 | AB18: 10946.934 | AC18: 10751.204 | AD18: 10536.635 | AE18: 12398.285 | AF18: 11028.591 | AG18: 12496.719 | AH18: 11599.938 | AI18: 9857.5691 | AJ18: 10894.455 | AK18: 11623.631 | AL18: 10169.112 | AM18: 11506.779 | AN18: 12651.91 | AO18: 11555.674 | AP18: 12112.775 | AQ18: 11259.901 | AR18: 10850.502 | AS18: 10973.103 | AT18: 12146.661 | AU18: 10824.018 | AV18: 10769.981 | AW18: 11018.762 | AX18: 13217.448 | AY18: 11039.703 | AZ18: 10728.829 | BA18: 11580.933 | BB18: 10298.473 | BC18: 10958.748 | BD18: 9870.3048 | BE18: 11370.999 | BF18: 12794.256 | BG18: 11772.729 | BH18: 11081.059 | BI18: 9323.9161 | BJ18: 11185.641 | BK18: 10968.34 | BL18: 10524.309 | BM18: 8999.2606 | BN18: 12345.09 | BO18: 12540.879 | BP18: 11017.61 | BQ18: 9857.839 | BR18: 11378.934 | BS18: 11158.009 | BT18: 11442.751 | BU18: 11895.685 | BV18: 10353.289 | BW18: 11329.383 | BX18: 12771.911 | BY18: 10882.924 | BZ18: 11248.105 | CA18: 10769.621 | CB18: 12855.228 | CC18: 11157.834 | CD18: 11869.437 | CE18: 10965.825 | CF18: 12229.135 | CG18: 10571.971 | CH18: 10733.477 | CI18: 10948.017 | CJ18: 9471.6103 | CK18: 10881.354 | CL18: 12746.945 | CM18: 10576.934 | CN18: 11938.652 | CO18: 11673.178 | CP18: 11223.454 | CQ18: 10703.213 | CR18: 11260.453 | CS18: 9590.3445 | CT18: 10492.234 | CU18: 12179.424 | CV18: 9834.1437 | CW18: 11691.49 | CX18: 11014.03 | CY18: 10917.486 | CZ18: 12444.609 | DA18: 11390.062 | DB18: 11732.026 | DC18: 11154.438 | DD18: 10561.839 | DE18: 12934.349 | DF18: 10740.577 | DG18: 10128.098 | DH18: 12500.684 | DI18: 10410.519 | DJ18: 10807.661 | DK18: 9409.225 | DL18: 11852.086 | DM18: 11564.47 | DN18: 11220.773 | DO18: 11356.428 | DP18: 10729.173 | DQ18: 10279.615 | DR18: 10296.13 | DS18: 10652.547 | DT18: 10468.165 | DU18: 11385.846 | DV18: 13121.282 | DW18: 11647.658 | DX18: 11558.829 | DY18: 10292.184 | DZ18: 10297.024 | EA18: 8977.9002 | EB18: 9645.3232 | EC18: 11327.944 | ED18: 10902.599 | EE18: 11988.444 | EF18: 11395.278 | EG18: 12149.608 | EH18: 9673.4448 | EI18: 11100.231 | EJ18: 11477.479 | EK18: 11848.005 | EL18: 10704.139 | EM18: 10768.196 | EN18: 10152.094 | EO18: 13299.508 | EP18: 11611.236 | EQ18: 9596.4346 | ER18: 11645.866 | ES18: 11399.102 | ET18: 11345.192 | EU18: 11657.875 | EV18: 11598.082 | EW18: 10038.456 | EX18: 11428.154 | EY18: 8943.1348 | EZ18: 10838.504 | FA18: 13030.423 | FB18: 10718.404 | FC18: 10317.962 | FD18: 11350.296 | FE18: 9929.4552 | FF18: 10361.322 | FG18: 11875.439 | FH18: 11094.412 | FI18: 9668.4607 | FJ18: 10333.968 | FK18: 9983.9318 | FL18: 12313.375 | FM18: 10313.085 | FN18: 10575.485 | FO18: 10477.54 | FP18: 11818.261 | FQ18: 12585.68 | FR18: 12090.804 | FS18: 11960.3 | FT18: 10887.86 | FU18: 10717.973 | FV18: 12895.011 | FW18: 9235.9448 | FX18: 12205.296 | FY18: 9175.5106 | FZ18: 10807.824 | GA18: 12162.788 | GB18: 12913.648 | GC18: 10844.612 | GD18: 9737.3631 | GE18: 11913.541 | GF18: 10556.327 | GG18: 11664.501 | GH18: 10073.634 | GI18: 11993.833 | GJ18: 10855.085 | GK18: 9489.9485 | GL18: 10654.006 | GM18: 10279.528 | GN18: 10468.225 | GO18: 11031.277 | GP18: 10775.266 | GQ18: 13099.996 | GR18: 12238.254 | GS18: 10561.295 | GT18: 13094.074 | GU18: 10161.123 | GV18: 10047.971 | GW18: 13672.043 | GX18: 11705.897 | GY18: 10949.529 | GZ18: 9734.3002 | HA18: 10727.014 | HB18: 11100.511 | HC18: 11798.939 | HD18: 9405.7502 | HE18: 12437.558 | HF18: 10293.626 | HG18: 11470.175 | HH18: 10180.916 | HI18: 11479.754 | HJ18: 10757.894 | HK18: 11323.61 | HL18: 11833.449 | HM18: 10654.104 | HN18: 12138.977 | HO18: 13611.882 | HP18: 10775.925 | HQ18: 12798.324 | HR18: 10004.582 | HS18: 12173.554 | HT18: 10094.461 | HU18: 11180.294 | HV18: 10568.256 | HW18: 11125.773 | HX18: 12010.962 | HY18: 9719.3141 | HZ18: 11064.927 | IA18: 11095.418 | IB18: 9981.1949 | IC18: 10212.11 | ID18: 11331.772 | IE18: 13630.501 | IF18: 10965.62 | IG18: 11032.763 | IH18: 11107.929 | II18: 9944.1058 | IJ18: 11209.593 | IK18: 12790.159 | IL18: 11180.92 | IM18: 10040.011 | IN18: 11326.424 | IO18: 11036.589 | IP18: 10600.004 | IQ18: 11311.408 | IR18: 10346.062 | IS18: 11233.732 | IT18: 10977.862 | IU18: 9688.3599 | IV18: 11392.86 | IW18: 12379.132 | IX18: 12681.739 | IY18: 12493.301 | IZ18: 11074.248 | JA18: 12041.663 | JB18: 13058.522 | JC18: 10334.418 | JD18: 10442.534 | JE18: 10351.546 | JF18: 10498.472 | JG18: 11967.797 | JH18: 10713.026 | JI18: 11272.271 | JJ18: 11520.332 | JK18: 11379.348 | JL18: 11858.375 | JM18: 11622.117 | JN18: 9950.7895 | JO18: 11974.405 | JP18: 12270.724 | JQ18: 10025.694 | JR18: 11229.052 | JS18: 11526.137 | JT18: 10062.298 | JU18: 10327.592 | JV18: 11373.051 | JW18: 12092.836 | JX18: 10425.88 | JY18: 10668.941 | JZ18: 10271.331 | KA18: 11912.94 | KB18: 10350.868 | KC18: 8407.8234 | KD18: 11450.302 | KE18: 12276.813 | KF18: 10928.909 | KG18: 10474.641 | KH18: 9850.5092 | KI18: 10032.115 | KJ18: 9562.7423 | KK18: 10642.603 | KL18: 10823.177 | KM18: 10077.238 | KN18: 9706.6303 | KO18: 11892.451 | KP18: 11619.698 | KQ18: 10874.329 | KR18: 10480.514 | KS18: 11548.671 | KT18: 10307.659 | KU18: 10792.853 | KV18: 10275.378 | KW18: 11737.331 | KX18: 9482.5316 | KY18: 11018.877 | KZ18: 9598.2736 | LA18: 12191.723 | LB18: 13482.418 | LC18: 9797.2357 | LD18: 10931.712 | LE18: 11134.984 | LF18: 10415.562 | LG18: 11469.867 | LH18: 10779.329 | LI18: 10748.918 | LJ18: 12308.833 | LK18: 12628.588 | LL18: 11100.93 | LM18: 10971.128 | LN18: 10585.84 | LO18: 13164.5 | LP18: 10542.2 | LQ18: 12530.546 | LR18: 9792.7028 | LS18: 9282.763 | LT18: 11192.833 | LU18: 9840.1085 | LV18: 10907.207 | LW18: 12460.764 | LX18: 9575.5922 | LY18: 11276.547 | LZ18: 11509.751 | MA18: 10145.245 | MB18: 10089.477 | MC18: 11239.597 | MD18: 12066.341 | ME18: 10518.331 | MF18: 12156.163 | MG18: 10182.393 | MH18: 12343.578 | MI18: 9041.9179 | MJ18: 10866.195 | MK18: 11438.95 | ML18: 12073.932 | MM18: 8963.5392 | MN18: 12778.332 | MO18: 12245.811 | MP18: 10578.291 | MQ18: 12931.738 | MR18: 13417.978 | MS18: 11861.463 | MT18: 10441.72 | MU18: 12159.385 | MV18: 11230.509 | MW18: 12309.936 | MX18: 11271.741 | MY18: 10953 | MZ18: 13636.649 | NA18: 10318.489 | NB18: 11228.653 | NC18: 12822.733 | ND18: 12657.695 | NE18: 11176.343 | NF18: 10602.618 | NG18: 10499.554 | NH18: 10864.346 | NI18: 10549.154 | NJ18: 11399.012 | NK18: 11558.604 | NL18: 10856.019 | NM18: 9162.8325 | NN18: 10263.251 | NO18: 10000.729 | NP18: 11137.151 | NQ18: 10603.492 | NR18: 11746.792 | NS18: 11234.731 | NT18: 11579.951 | NU18: 10952.084 | NV18: 10729.666 | NW18: 10695.809 | NX18: 11079.455 | NY18: 11787.218 | NZ18: 12104.01 | OA18: 10717.833 | OB18: 10713.543 | OC18: 11539.625 | OD18: 11777.048 | OE18: 10244.53 | OF18: 11144.705 | OG18: 12727.762 | OH18: 10048.176 | OI18: 11999.43 | OJ18: 10080.366 | OK18: 11945.129 | OL18: 11213.232 | OM18: 10956.081 | ON18: 9203.127 | OO18: 9996.0861 | OP18: 11562.834 | OQ18: 13553.784 | OR18: 9802.2494 | OS18: 10405.297 | OT18: 11665.51 | OU18: 12038.759 | OV18: 13806.61 | OW18: 11456.171 | OX18: 10123.688 | OY18: 10813.129 | OZ18: 11936.649 | PA18: 10560.486 | PB18: 10300.907 | PC18: 8789.2598 | PD18: 10023.54 | PE18: 10144.612 | PF18: 10384.883 | PG18: 9596.6961 | PH18: 10532.445 | PI18: 10335.996 | PJ18: 9904.6061 | PK18: 12068.922 | PL18: 11410.408 | PM18: 10194.009 | PN18: 13013.995 | PO18: 11653.627 | PP18: 10511.907 | PQ18: 10448.388 | PR18: 10507.085 | PS18: 10926.108 | PT18: 10363.937 | PU18: 12417.695 | PV18: 10700.342 | PW18: 11116.25 | PX18: 9780.3563 | PY18: 9923.9542 | PZ18: 12174.946 | QA18: 11559.827 | QB18: 11592.691 | QC18: 11753.051 | QD18: 9722.6195 | QE18: 10959.219 | QF18: 8910.7653 | QG18: 10816.566 | QH18: 11782.774 | QI18: 10859.363 | QJ18: 12723.691 | QK18: 13161.516 | QL18: 10638.632 | QM18: 12285.91 | QN18: 11854.974 | QO18: 11293.37 | QP18: 11362.103 | QQ18: 9578.6748 | QR18: 10352.632 | QS18: 10446.223 | QT18: 11611.13 | QU18: 10564.86 | QV18: 11740.957 | QW18: 13410.461 | QX18: 9824.1306 | QY18: 10624.291 | QZ18: 11071.572 | RA18: 9421.0292 | RB18: 10735.476 | RC18: 10330.486 | RD18: 10918.863 | RE18: 11986.066 | RF18: 9835.5864 | RG18: 13041.117 | RH18: 10504.031 | RI18: 10966.636 | RJ18: 12965.625 | RK18: 10575.263 | RL18: 11500.675 | RM18: 11241.628 | RN18: 10546.395 | RO18: 11766.649 | RP18: 9252.0995 | RQ18: 12097.333 | RR18: 10532.244 | RS18: 10965.661 | RT18: 10627.362 | RU18: 10210.854 | RV18: 12097.157 | RW18: 12597.697 | RX18: 10241.37 | RY18: 10765.264 | RZ18: 12172.61 | SA18: 12927.5 | SB18: 10728.992 | SC18: 11291.233 | SD18: 10610.958 | SE18: 11686.561 | SF18: 11113.247 | SG18: 9137.5909 | SH18: 11176.273 | SI18: 10192.885 | SJ18: 12727.726 | SK18: 11965.685 | SL18: 11233.605 | SM18: 9453.9324 | SN18: 10232.536 | SO18: 11751.481 | SP18: 11061.319 | SQ18: 11049.189 | SR18: 11811.005 | SS18: 11233.441 | ST18: 12244.95 | SU18: 11072.755 | SV18: 10786.878 | SW18: 9692.6647 | SX18: 13113.409 | SY18: 12138.416 | SZ18: 11802.818 | TA18: 10856.405 | TB18: 10265.897 | TC18: 11801.784 | TD18: 10555.557 | TE18: 10679.983 | TF18: 12260.562 | TG18: 11052.574 | TH18: 11202.677 | TI18: 10743.432 | TJ18: 10344.609 | TK18: 11272.249 | TL18: 11239.201 | TM18: 10482.305 | TN18: 10391.1 | TO18: 11330.56 | TP18: 13015.445 | TQ18: 10596.542 | TR18: 11986.603 | TS18: 12181.915 | TT18: 11899.803 | TU18: 11884.611 | TV18: 11426.507 | TW18: 12673.798 | TX18: 10810.932 | TY18: 10449.609 | TZ18: 10099.538 | UA18: 11884.501 | UB18: 11001.484 | UC18: 11719.078 | UD18: 12603.191 | UE18: 11424.568 | UF18: 12333.852 | UG18: 14897.369 | UH18: 13345.009 | UI18: 9005.9215 | UJ18: 12000.664 | UK18: 10573.561 | UL18: 11692.287 | UM18: 12909.984 | UN18: 11497.796 | UO18: 11612.844 | UP18: 12387.488 | UQ18: 11654.22 | UR18: 10646.718 | US18: 10931.024 | UT18: 9710.541 | UU18: 11079.072 | UV18: 11008.966 | UW18: 12158.996 | UX18: 11489.164 | UY18: 12589.963 | UZ18: 11670.633 | VA18: 10723.401 | VB18: 11174.633 | VC18: 11224.785 | VD18: 12685.87 | VE18: 11698.904 | VF18: 14509.603 | VG18: 11994.511 | VH18: 10249.936 | VI18: 12376.469 | VJ18: 11281.914 | VK18: 11552.656 | VL18: 13935.85 | VM18: 12746.21 | VN18: 10095.661 | VO18: 9692.3034 | VP18: 11210.437 | VQ18: 11155.463 | VR18: 8765.477 | VS18: 9692.0171 | VT18: 10475.6 | VU18: 10866.366 | VV18: 9530.9385 | VW18: 12796.927 | VX18: 10578.848 | VY18: 10971.099 | VZ18: 10659.52 | WA18: 9862.5491 | WB18: 10669.914 | WC18: 9915.0013 | WD18: 11665.387 | WE18: 12262.385 | WF18: 11826.02 | WG18: 10544.113 | WH18: 9807.7099 | WI18: 11551.618 | WJ18: 9729.3226 | WK18: 10938.352 | WL18: 12433.978 | WM18: 11638.518 | WN18: 10797.98 | WO18: 11399.671 | WP18: 11301.476 | WQ18: 11983.414 | WR18: 10986.804 | WS18: 9401.9601 | WT18: 11728.487 | WU18: 12488.82 | WV18: 9301.8012 | WW18: 11258.218 | WX18: 11219.43 | WY18: 11271.628 | WZ18: 11766.507 | XA18: 11199.572 | XB18: 11071.535 | XC18: 12012.615 | XD18: 12605.264 | XE18: 13321.62 | XF18: 11372.767 | XG18: 10727.824 | XH18: 10202.344 | XI18: 10883.147 | XJ18: 9848.1894 | XK18: 10965.286 | XL18: 11449.504 | XM18: 11892.772 | XN18: 10389.973 | XO18: 13252.622 | XP18: 11971.643 | XQ18: 10791.075 | XR18: 12031.62 | XS18: 11804.961 | XT18: 10179.94 | XU18: 11017.087 | XV18: 11264.585 | XW18: 9536.2004 | XX18: 8903.9121 | XY18: 11600.093 | XZ18: 11065.515 | YA18: 10788.604 | YB18: 11419.292 | YC18: 11177.606 | YD18: 10085.583 | YE18: 11146.167 | YF18: 11088.256 | YG18: 9277.2926 | YH18: 9584.3035 | YI18: 10123.075 | YJ18: 10699.146 | YK18: 12573.005 | YL18: 11289.374 | YM18: 10132.948 | YN18: 9203.0337 | YO18: 8690.2743 | YP18: 11214.061 | YQ18: 11291.371 | YR18: 11244.645 | YS18: 10017.534 | YT18: 10242.212 | YU18: 9652.3515 | YV18: 10580.488 | YW18: 11749.367 | YX18: 10895.791 | YY18: 11264.441 | YZ18: 11972.554 | ZA18: 12769.072 | ZB18: 11761.683 | ZC18: 11281.473 | ZD18: 11321.479 | ZE18: 12245.23 | ZF18: 10502.185 | ZG18: 10518.287 | ZH18: 10952.681 | ZI18: 10787.557 | ZJ18: 11460.496 | ZK18: 10827.756 | ZL18: 11348.552 | ZM18: 9460.9507 | ZN18: 11243.444 | ZO18: 10385.932 | ZP18: 12063.992 | ZQ18: 10430.881 | ZR18: 10491.219 | ZS18: 10571.932 | ZT18: 11000.521 | ZU18: 11896.53 | ZV18: 11328.772 | ZW18: 9989.383 | ZX18: 10590.674 | ZY18: 12227.389 | ZZ18: 11598.829 | AAA18: 10847.211 | AAB18: 12105.869 | AAC18: 12279.852 | AAD18: 11364.588 | AAE18: 10973.366 | AAF18: 8434.8141 | AAG18: 10602.127 | AAH18: 14344.667 | AAI18: 10066.519 | AAJ18: 12141.287 | AAK18: 11847.426 | AAL18: 10655.671 | AAM18: 11699.563 | AAN18: 11316.5 | AAO18: 11769.267 | AAP18: 12986.796 | AAQ18: 10870.482 | AAR18: 12134.192 | AAS18: 11960.882 | AAT18: 9234.3086 | AAU18: 9952.0997 | AAV18: 9921.625 | AAW18: 12604.099 | AAX18: 10699.861 | AAY18: 11565.66 | AAZ18: 11457.295 | ABA18: 10377.359 | ABB18: 11606.46 | ABC18: 11240.904 | ABD18: 11857.719 | ABE18: 14246.792 | ABF18: 10681.312 | ABG18: 9531.2314 | ABH18: 9732.223 | ABI18: 12016.935 | ABJ18: 11008.067 | ABK18: 11310.715 | ABL18: 11378.846 | ABM18: 12322.546 | ABN18: 13778.517 | ABO18: 10598.949 | ABP18: 11174.216 | ABQ18: 10770.93 | ABR18: 11521.121 | ABS18: 11841.328 | ABT18: 13227.848 | ABU18: 8547.8117 | ABV18: 9473.9697 | ABW18: 10623.756 | ABX18: 11494.941 | ABY18: 10674.796 | ABZ18: 11929.625 | ACA18: 11505.444 | ACB18: 10810.469 | ACC18: 12046.727 | ACD18: 11943.711 | ACE18: 9908.9708 | ACF18: 11488.324 | ACG18: 11198.165 | ACH18: 11413.89 | ACI18: 11521.14 | ACJ18: 11132.086 | ACK18: 10048.091 | ACL18: 11686.765 | ACM18: 9378.714 | ACN18: 11150.929 | ACO18: 12512.278 | ACP18: 10723.724 | ACQ18: 9225.8076 | ACR18: 10810.76 | ACS18: 10095.872 | ACT18: 9692.309 | ACU18: 11845.067 | ACV18: 10348.496 | ACW18: 12242.832 | ACX18: 10974.147 | ACY18: 10320.238 | ACZ18: 9756.9032 | ADA18: 12887.526 | ADB18: 11833.534 | ADC18: 13064.937 | ADD18: 10482.381 | ADE18: 11044.436 | ADF18: 10132.062 | ADG18: 10887.3 | ADH18: 11814.226 | ADI18: 11059.686 | ADJ18: 12712.658 | ADK18: 10214.15 | ADL18: 11064.2 | ADM18: 10405.907 | ADN18: 11694.539 | ADO18: 11130.596 | ADP18: 11293.143 | ADQ18: 10166.821 | ADR18: 11332.703 | ADS18: 10689.098 | ADT18: 11136.231 | ADU18: 12046.487 | ADV18: 9913.4202 | ADW18: 11260.365 | ADX18: 12706.533 | ADY18: 11747.68 | ADZ18: 11896.728 | AEA18: 10754.48 | AEB18: 11905.386 | AEC18: 10467.095 | AED18: 11684.217 | AEE18: 11781.314 | AEF18: 10450.996 | AEG18: 11011.095 | AEH18: 10997.553 | AEI18: 12787.579 | AEJ18: 13227.761 | AEK18: 11749.546 | AEL18: 13499.997 | AEM18: 11894.043 | AEN18: 11769.715 | AEO18: 9546.258 | AEP18: 10054.179 | AEQ18: 10779.096 | AER18: 10720.863 | AES18: 10942.549 | AET18: 9976.5979 | AEU18: 11499.921 | AEV18: 10653.691 | AEW18: 12444.033 | AEX18: 9822.4507 | AEY18: 13023.278 | AEZ18: 9919.9674 | AFA18: 13338.101 | AFB18: 11015.446 | AFC18: 11282.015 | AFD18: 10293.238 | AFE18: 9556.8573 | AFF18: 10911.297 | AFG18: 10375.195 | AFH18: 11133.278 | AFI18: 11469.959 | AFJ18: 11005.23 | AFK18: 12076.346 | AFL18: 10727.119 | AFM18: 11572.305 | AFN18: 11227.632 | AFO18: 10633.529 | AFP18: 10104.221 | AFQ18: 12804.641 | AFR18: 10956.585 | AFS18: 11375.685 | AFT18: 12367.601 | AFU18: 11048.037 | AFV18: 11436.562 | AFW18: 11438.195 | AFX18: 9495.5914 | AFY18: 10660.613 | AFZ18: 11206.213 | AGA18: 11304.835 | AGB18: 12421.757 | AGC18: 12098.124 | AGD18: 9737.5908 | AGE18: 13454.243 | AGF18: 10660.557 | AGG18: 10230.877 | AGH18: 10315.13 | AGI18: 10483.007 | AGJ18: 11676.763 | AGK18: 11167.11 | AGL18: 10002.543 | AGM18: 11564.239 | AGN18: 9885.9861 | AGO18: 11054.348 | AGP18: 10177.573 | AGQ18: 10208.918 | AGR18: 10575.949 | AGS18: 10556.784 | AGT18: 11279.296 | AGU18: 10681.729 | AGV18: 12269.244 | AGW18: 12369.403 | AGX18: 11557.078 | AGY18: 12542.208 | AGZ18: 10813.688 | AHA18: 10873.171 | AHB18: 10018.376 | AHC18: 10639.002 | AHD18: 14145.424 | AHE18: 11444.441 | AHF18: 12758.728 | AHG18: 11025.229 | AHH18: 10062.208 | AHI18: 10336.493 | AHJ18: 11212.749 | AHK18: 9439.1754 | AHL18: 11504.233 | AHM18: 11476.389 | AHN18: 13333.193 | AHO18: 11354.499 | AHP18: 11768.42 | AHQ18: 11030.875 | AHR18: 10776.059 | AHS18: 9303.4517 | AHT18: 11878.085 | AHU18: 10871.287 | AHV18: 11548.818 | AHW18: 12661.989 | AHX18: 9841.1214 | AHY18: 11031.75 | AHZ18: 11329.563 | AIA18: 10888.546 | AIB18: 12887.208 | AIC18: 12906.09 | AID18: 12448.691 | AIE18: 12862.487 | AIF18: 10351.401 | AIG18: 10560.835 | AIH18: 10676.523 | AII18: 11644.857 | AIJ18: 11093.861 | AIK18: 11327.135 | AIL18: 11109.35 | AIM18: 9873.4683 | AIN18: 10923.804 | AIO18: 9947.9729 | AIP18: 10155.134 | AIQ18: 12365.727 | AIR18: 11937.986 | AIS18: 10011.677 | AIT18: 11022.761 | AIU18: 10142.671 | AIV18: 13391.308 | AIW18: 11192.701 | AIX18: 11721.497 | AIY18: 10623.845 | AIZ18: 9939.2248 | AJA18: 12710.533 | AJB18: 10473.313 | AJC18: 11310.623 | AJD18: 12730.353 | AJE18: 11710.703 | AJF18: 10424.091 | AJG18: 9129.9906 | AJH18: 11185.691 | AJI18: 10522.786 | AJJ18: 11151.306 | AJK18: 10390.198 | AJL18: 11164.323 | AJM18: 13180.972 | AJN18: 11182.77 | AJO18: 10663.297 | AJP18: 10665.855 | AJQ18: 10724.121 | AJR18: 9298.3111 | AJS18: 11299.942 | AJT18: 9590.1329 | AJU18: 10232.113 | AJV18: 11268.311 | AJW18: 10059.443 | AJX18: 10555.792 | AJY18: 10786.271 | AJZ18: 11890.303 | AKA18: 8778.1809 | AKB18: 10655.614 | AKC18: 11047.69 | AKD18: 13269.002 | AKE18: 10651.695 | AKF18: 10442.686 | AKG18: 10190.953 | AKH18: 9496.1925 | AKI18: 10693.181 | AKJ18: 12316.795 | AKK18: 8853.9343 | AKL18: 9539.3973 | AKM18: 11830.865 | AKN18: 10792.745 | AKO18: 10536.914 | AKP18: 11090.659 | AKQ18: 11850.457 | AKR18: 11510.024 | AKS18: 8819.4494 | AKT18: 11444.284 | AKU18: 9131.266 | AKV18: 11723.613 | AKW18: 10264.206 | AKX18: 13635.414 | AKY18: 11001.144 | AKZ18: 10022.974 | ALA18: 9969.4701 | ALB18: 9034.0559 | ALC18: 11316.304 | ALD18: 11819.724 | ALE18: 13557.172 | ALF18: 11913.822 | ALG18: 11731.657 | ALH18: 9289.2662 | ALI18: 10007.698 | ALJ18: 11611.59 | ALK18: 11986.058 | ALL18: 11410.93 | ALM18: 11651.006
A19: 6 | B19: 9604.5795 | C19: 12127.367 | D19: 10159.269 | E19: 10236.567 | F19: 11894.219 | G19: 11749.308 | H19: 11763.294 | I19: 11512.363 | J19: 11652.263 | K19: 10121.099 | L19: 11262.119 | M19: 8824.6504 | N19: 13017.564 | O19: 11697.801 | P19: 9678.4143 | Q19: 10323.877 | R19: 12203.509 | S19: 10289.824 | T19: 13009.358 | U19: 10626.781 | V19: 9865.0398 | W19: 11948.734 | X19: 9002.6418 | Y19: 11140.311 | Z19: 11881.851 | AA19: 12133.757 | AB19: 11160.417 | AC19: 11677.229 | AD19: 10804.829 | AE19: 11845.377 | AF19: 10513.568 | AG19: 13207.861 | AH19: 11135.058 | AI19: 10411.33 | AJ19: 11213.282 | AK19: 12130.43 | AL19: 10772.927 | AM19: 11984.63 | AN19: 12957.166 | AO19: 11799.739 | AP19: 13072.409 | AQ19: 11675.545 | AR19: 10762.439 | AS19: 10532.072 | AT19: 12743.456 | AU19: 11325.967 | AV19: 10675.964 | AW19: 11660.987 | AX19: 14062.251 | AY19: 11007.056 | AZ19: 10379.731 | BA19: 12373.099 | BB19: 10504.234 | BC19: 11145.71 | BD19: 9678.9474 | BE19: 12104.964 | BF19: 12494.316 | BG19: 12059.585 | BH19: 11684.67 | BI19: 9193.8928 | BJ19: 11380.435 | BK19: 11430.588 | BL19: 11316.68 | BM19: 8531.7485 | BN19: 13145.284 | BO19: 14220.473 | BP19: 10719.614 | BQ19: 10444.803 | BR19: 10803.77 | BS19: 11115.285 | BT19: 11567.36 | BU19: 11726.913 | BV19: 10718.289 | BW19: 11649.18 | BX19: 12987.967 | BY19: 11599.551 | BZ19: 11300.371 | CA19: 11132.934 | CB19: 13447.691 | CC19: 11202.772 | CD19: 12743.378 | CE19: 11833.35 | CF19: 12476.962 | CG19: 11450.108 | CH19: 10723.619 | CI19: 10656.347 | CJ19: 9073.9146 | CK19: 12009.93 | CL19: 13094.338 | CM19: 10974.108 | CN19: 13175.375 | CO19: 11863.544 | CP19: 11600.589 | CQ19: 10366.672 | CR19: 12619.761 | CS19: 10001.727 | CT19: 10313.843 | CU19: 13395.767 | CV19: 9320.0731 | CW19: 12267.787 | CX19: 11991.44 | CY19: 10189.918 | CZ19: 12433.589 | DA19: 12109.991 | DB19: 12269.241 | DC19: 11184.91 | DD19: 10634.378 | DE19: 13333.715 | DF19: 11119.794 | DG19: 10114.502 | DH19: 12968.475 | DI19: 10634.919 | DJ19: 11012.053 | DK19: 9502.6644 | DL19: 11722.908 | DM19: 12497.201 | DN19: 11274.179 | DO19: 11667.533 | DP19: 10992.715 | DQ19: 10395.696 | DR19: 10529.353 | DS19: 11707.893 | DT19: 10293.163 | DU19: 10459.25 | DV19: 12899.135 | DW19: 11799.819 | DX19: 11406.923 | DY19: 10396.318 | DZ19: 10961.207 | EA19: 8929.0159 | EB19: 9664.3303 | EC19: 12514.816 | ED19: 10513.416 | EE19: 12033.218 | EF19: 11863.675 | EG19: 12308.629 | EH19: 9394.7279 | EI19: 11582.329 | EJ19: 11784.687 | EK19: 11384.153 | EL19: 10450.658 | EM19: 11165.082 | EN19: 10819.366 | EO19: 14130.722 | EP19: 11691.55 | EQ19: 9958.1395 | ER19: 12310.898 | ES19: 12131.739 | ET19: 10932.74 | EU19: 11708.463 | EV19: 11160.312 | EW19: 10051.163 | EX19: 11333.183 | EY19: 9696.7624 | EZ19: 10486.476 | FA19: 13644.902 | FB19: 11247.427 | FC19: 10372.477 | FD19: 11395.306 | FE19: 9865.7829 | FF19: 10272.334 | FG19: 11715.275 | FH19: 11593.604 | FI19: 9673.9003 | FJ19: 10533.064 | FK19: 9689.6218 | FL19: 12035.412 | FM19: 10987.933 | FN19: 10317.789 | FO19: 10957.777 | FP19: 12460.459 | FQ19: 12839.093 | FR19: 12602.893 | FS19: 12605.51 | FT19: 11798.424 | FU19: 10971.507 | FV19: 14090.911 | FW19: 9934.0919 | FX19: 12853.06 | FY19: 9479.0447 | FZ19: 10519.173 | GA19: 12335.744 | GB19: 11901.439 | GC19: 11349.023 | GD19: 10457.253 | GE19: 12731.579 | GF19: 11507.876 | GG19: 11855.678 | GH19: 11002.286 | GI19: 12076.928 | GJ19: 11108.306 | GK19: 9355.8255 | GL19: 11121.139 | GM19: 10694.731 | GN19: 10743.722 | GO19: 11179.36 | GP19: 10279.671 | GQ19: 12545.127 | GR19: 12545.861 | GS19: 11622.897 | GT19: 13555.475 | GU19: 10389.932 | GV19: 11015.491 | GW19: 14839.049 | GX19: 11747.588 | GY19: 11335.487 | GZ19: 9753.8012 | HA19: 10861.162 | HB19: 11567.86 | HC19: 11824.722 | HD19: 10022.156 | HE19: 13057.201 | HF19: 9726.8815 | HG19: 12406.95 | HH19: 10293.52 | HI19: 11885.409 | HJ19: 10673.727 | HK19: 11459.662 | HL19: 11851.596 | HM19: 10872.024 | HN19: 11558.663 | HO19: 14382.094 | HP19: 10174.765 | HQ19: 12542.093 | HR19: 10171.017 | HS19: 12185.322 | HT19: 10406.969 | HU19: 11157.915 | HV19: 10264.52 | HW19: 11247.597 | HX19: 12052.488 | HY19: 9741.6196 | HZ19: 11381.909 | IA19: 12196.486 | IB19: 10301.514 | IC19: 10589.98 | ID19: 12062.301 | IE19: 13503.069 | IF19: 10833.335 | IG19: 11075.692 | IH19: 11441.796 | II19: 10432.467 | IJ19: 11448.59 | IK19: 13303.816 | IL19: 11814.872 | IM19: 10903.777 | IN19: 10880.717 | IO19: 11581.527 | IP19: 10614.554 | IQ19: 10589.83 | IR19: 10308.003 | IS19: 11246.166 | IT19: 11154.428 | IU19: 10732.634 | IV19: 11645.112 | IW19: 12703.032 | IX19: 12853.129 | IY19: 12016.138 | IZ19: 11542.348 | JA19: 11865.185 | JB19: 14068.646 | JC19: 10892.647 | JD19: 11062.052 | JE19: 10948.645 | JF19: 10952.749 | JG19: 12466.88 | JH19: 10787.321 | JI19: 11066.74 | JJ19: 11201.733 | JK19: 11940.916 | JL19: 12248.381 | JM19: 11709.151 | JN19: 9570.1466 | JO19: 12068.753 | JP19: 12531.16 | JQ19: 10032.168 | JR19: 11394.494 | JS19: 11828.958 | JT19: 9683.5117 | JU19: 10238.653 | JV19: 11110.122 | JW19: 12825.07 | JX19: 10964.225 | JY19: 10425.891 | JZ19: 10163.593 | KA19: 11595.477 | KB19: 9989.4185 | KC19: 9414.6387 | KD19: 11863.659 | KE19: 12896.738 | KF19: 11057.992 | KG19: 9569.7092 | KH19: 9474.3913 | KI19: 10930.244 | KJ19: 9936.3635 | KK19: 10719.864 | KL19: 11213.055 | KM19: 10447.338 | KN19: 9657.1155 | KO19: 12326.121 | KP19: 11907.612 | KQ19: 11266.389 | KR19: 9967.4252 | KS19: 12065.692 | KT19: 10786.787 | KU19: 11057.408 | KV19: 9846.4256 | KW19: 11513.157 | KX19: 9723.8084 | KY19: 11619.035 | KZ19: 9850.9163 | LA19: 11863.387 | LB19: 12776.504 | LC19: 10259.937 | LD19: 10759.171 | LE19: 11013.904 | LF19: 10128.805 | LG19: 11777.429 | LH19: 11014.655 | LI19: 11078.087 | LJ19: 12376.03 | LK19: 14375.321 | LL19: 11974.881 | LM19: 10928.794 | LN19: 10376.613 | LO19: 13362.296 | LP19: 11433.146 | LQ19: 12833.422 | LR19: 9778.1758 | LS19: 9238.0683 | LT19: 11305.105 | LU19: 9691.1388 | LV19: 11037.2 | LW19: 12560.93 | LX19: 9528.5707 | LY19: 11020.821 | LZ19: 12245.029 | MA19: 9921.6316 | MB19: 10379.436 | MC19: 11639.332 | MD19: 12736.684 | ME19: 10551.137 | MF19: 12420.23 | MG19: 9991.6423 | MH19: 13184.814 | MI19: 9661.2442 | MJ19: 10787.87 | MK19: 11171.249 | ML19: 11781.634 | MM19: 8957.6881 | MN19: 12652.504 | MO19: 12156.914 | MP19: 10780.927 | MQ19: 13524.044 | MR19: 14080.224 | MS19: 12439.281 | MT19: 10547.587 | MU19: 12519.894 | MV19: 12113.241 | MW19: 13327.866 | MX19: 10908.554 | MY19: 11446.112 | MZ19: 14325.833 | NA19: 11142.973 | NB19: 12135.594 | NC19: 11927.102 | ND19: 13248.128 | NE19: 11455.368 | NF19: 11469.166 | NG19: 11078.481 | NH19: 11814.919 | NI19: 11017.899 | NJ19: 12360.841 | NK19: 11462.622 | NL19: 10349.715 | NM19: 9089.1051 | NN19: 10342.03 | NO19: 9865.3871 | NP19: 11851.371 | NQ19: 10368.641 | NR19: 12883.342 | NS19: 11848.484 | NT19: 12165.943 | NU19: 9920.8256 | NV19: 11012.872 | NW19: 10532.076 | NX19: 12161.069 | NY19: 11760.622 | NZ19: 13209.562 | OA19: 10263.105 | OB19: 11298.064 | OC19: 12139.347 | OD19: 12182.883 | OE19: 11059.702 | OF19: 11388.587 | OG19: 13125.219 | OH19: 9775.4991 | OI19: 12597.974 | OJ19: 11603.154 | OK19: 12921.644 | OL19: 11377.927 | OM19: 11532.412 | ON19: 9229.4177 | OO19: 9738.2022 | OP19: 11504.965 | OQ19: 13952.494 | OR19: 10289.24 | OS19: 10565.026 | OT19: 11897.843 | OU19: 12519.261 | OV19: 13449.154 | OW19: 12602.889 | OX19: 10121.072 | OY19: 9921.808 | OZ19: 12775.458 | PA19: 10843.595 | PB19: 10221.553 | PC19: 9254.5549 | PD19: 10754.948 | PE19: 10525.062 | PF19: 10178.641 | PG19: 10236.758 | PH19: 11372.319 | PI19: 10497.099 | PJ19: 9628.0716 | PK19: 11962.667 | PL19: 11930.696 | PM19: 9694.3076 | PN19: 12936.126 | PO19: 11674.898 | PP19: 10893.374 | PQ19: 10724.434 | PR19: 11275.839 | PS19: 11491.688 | PT19: 10767.105 | PU19: 12528.088 | PV19: 11032.213 | PW19: 12148.304 | PX19: 9698.3757 | PY19: 10327.721 | PZ19: 12454.943 | QA19: 12174.746 | QB19: 12615.441 | QC19: 11487.966 | QD19: 9344.6862 | QE19: 11245.141 | QF19: 8864.5163 | QG19: 10974.351 | QH19: 12311.644 | QI19: 10872.234 | QJ19: 12766.27 | QK19: 12761.703 | QL19: 11120.156 | QM19: 14222.875 | QN19: 12222.256 | QO19: 10925.379 | QP19: 12258.301 | QQ19: 9694.4806 | QR19: 10349.699 | QS19: 11231.454 | QT19: 11343.45 | QU19: 10402.307 | QV19: 12238.297 | QW19: 14502.206 | QX19: 10527.975 | QY19: 10858.362 | QZ19: 11514.872 | RA19: 9631.064 | RB19: 11208.175 | RC19: 10825.966 | RD19: 10737.746 | RE19: 11966.121 | RF19: 9837.9782 | RG19: 12985.109 | RH19: 10909.536 | RI19: 11474.402 | RJ19: 14182.731 | RK19: 10934.257 | RL19: 11878.58 | RM19: 11659.482 | RN19: 10772.562 | RO19: 11591.343 | RP19: 9233.3785 | RQ19: 12359.405 | RR19: 10712.947 | RS19: 10868.819 | RT19: 11352.904 | RU19: 10169.567 | RV19: 13267.546 | RW19: 12468.201 | RX19: 10878.406 | RY19: 11023.404 | RZ19: 13582.325 | SA19: 12490.973 | SB19: 10936.155 | SC19: 12084.157 | SD19: 10636.368 | SE19: 11930.921 | SF19: 11350.165 | SG19: 9804.6269 | SH19: 11673.198 | SI19: 9585.0591 | SJ19: 12750.474 | SK19: 13283.429 | SL19: 11801.24 | SM19: 9967.247 | SN19: 10954.137 | SO19: 12654.295 | SP19: 11841.957 | SQ19: 11079.677 | SR19: 12492.679 | SS19: 11247.612 | ST19: 11576.272 | SU19: 11366.615 | SV19: 11307.104 | SW19: 9769.1366 | SX19: 14301.289 | SY19: 12810.44 | SZ19: 12841.574 | TA19: 11071.879 | TB19: 10966.668 | TC19: 12023.202 | TD19: 10619.885 | TE19: 10675.158 | TF19: 13117.065 | TG19: 10738.714 | TH19: 10702.481 | TI19: 10727.857 | TJ19: 10450.484 | TK19: 11256.473 | TL19: 11695.376 | TM19: 10485.889 | TN19: 10802.663 | TO19: 12403.947 | TP19: 13101.529 | TQ19: 10466.614 | TR19: 12853.302 | TS19: 12326.435 | TT19: 12096.898 | TU19: 12351.594 | TV19: 11031.957 | TW19: 12706.281 | TX19: 10721.68 | TY19: 10545.391 | TZ19: 9873.5848 | UA19: 11712.371 | UB19: 11263.478 | UC19: 12723.87 | UD19: 13481.025 | UE19: 11540.226 | UF19: 13677.671 | UG19: 14790.087 | UH19: 13926.444 | UI19: 9435.3957 | UJ19: 11450.642 | UK19: 10548.085 | UL19: 11980.446 | UM19: 12880.566 | UN19: 12032.982 | UO19: 11687.575 | UP19: 12658.895 | UQ19: 12594.269 | UR19: 10854.773 | US19: 11660.463 | UT19: 9745.7435 | UU19: 11345.802 | UV19: 11172.288 | UW19: 12131.654 | UX19: 11921.876 | UY19: 12728.358 | UZ19: 12330.241 | VA19: 11160.997 | VB19: 11492.097 | VC19: 11803.201 | VD19: 12860.826 | VE19: 12643.859 | VF19: 15323.344 | VG19: 11794.219 | VH19: 10439.228 | VI19: 13313.55 | VJ19: 11296.96 | VK19: 11260.229 | VL19: 15226.057 | VM19: 12345.451 | VN19: 9747.6997 | VO19: 10313.015 | VP19: 11280.451 | VQ19: 11292.428 | VR19: 8540.7117 | VS19: 10121.868 | VT19: 10807.163 | VU19: 10675.956 | VV19: 9863.6788 | VW19: 12748.066 | VX19: 10426.187 | VY19: 12066.918 | VZ19: 11048.897 | WA19: 9980.0438 | WB19: 10965.08 | WC19: 10240.817 | WD19: 11257.488 | WE19: 12587.25 | WF19: 11259.849 | WG19: 10762.765 | WH19: 9973.6953 | WI19: 13255.419 | WJ19: 9645.1877 | WK19: 11314.787 | WL19: 12042.877 | WM19: 12211.185 | WN19: 10422.883 | WO19: 10840.888 | WP19: 12104.834 | WQ19: 11210.954 | WR19: 11454.489 | WS19: 9470.0861 | WT19: 11386.214 | WU19: 12446.081 | WV19: 10307.949 | WW19: 12051.44 | WX19: 11492.09 | WY19: 11519.815 | WZ19: 12242.265 | XA19: 10980.965 | XB19: 11612.054 | XC19: 12157.37 | XD19: 12553.214 | XE19: 14705.3 | XF19: 11523.205 | XG19: 10667.531 | XH19: 9901.0716 | XI19: 11211.695 | XJ19: 10227.428 | XK19: 10822.218 | XL19: 11216.475 | XM19: 12258.517 | XN19: 10517.528 | XO19: 14807.128 | XP19: 12094.106 | XQ19: 10456.815 | XR19: 12983.017 | XS19: 11906.848 | XT19: 9989.2101 | XU19: 10917.158 | XV19: 12345.182 | XW19: 9688.7926 | XX19: 9051.9386 | XY19: 12310.518 | XZ19: 10942.568 | YA19: 10868.473 | YB19: 11755.361 | YC19: 11408.29 | YD19: 10039.634 | YE19: 11618.049 | YF19: 11452.333 | YG19: 10156.037 | YH19: 9460.8265 | YI19: 10287.796 | YJ19: 11170.477 | YK19: 12811.661 | YL19: 11109.376 | YM19: 9816.0481 | YN19: 9315.8239 | YO19: 8610.7352 | YP19: 10738.973 | YQ19: 11055.908 | YR19: 10928.836 | YS19: 9705.5791 | YT19: 10694.899 | YU19: 9781.8478 | YV19: 10892.086 | YW19: 12185.51 | YX19: 11665.205 | YY19: 11676.337 | YZ19: 12829.754 | ZA19: 12844.631 | ZB19: 11948.084 | ZC19: 12163.42 | ZD19: 11625.201 | ZE19: 12694.465 | ZF19: 11581.199 | ZG19: 11065.583 | ZH19: 10506.779 | ZI19: 10174.528 | ZJ19: 11290.17 | ZK19: 11405.004 | ZL19: 11402.724 | ZM19: 9255.6153 | ZN19: 10819.084 | ZO19: 11017.523 | ZP19: 11279.439 | ZQ19: 10636.931 | ZR19: 11295.906 | ZS19: 11741.668 | ZT19: 11769.59 | ZU19: 12569.278 | ZV19: 11789.997 | ZW19: 10472.068 | ZX19: 10894.635 | ZY19: 12174.364 | ZZ19: 12684.188 | AAA19: 10790.311 | AAB19: 13378.879 | AAC19: 13065.547 | AAD19: 10962.995 | AAE19: 11341.144 | AAF19: 7877.798 | AAG19: 10414.06 | AAH19: 15273.016 | AAI19: 10857.681 | AAJ19: 11317.468 | AAK19: 10848.313 | AAL19: 10519.133 | AAM19: 12044.111 | AAN19: 11116.844 | AAO19: 12021.697 | AAP19: 13246.031 | AAQ19: 11637.825 | AAR19: 12813.367 | AAS19: 12228.425 | AAT19: 9768.4294 | AAU19: 9896.7681 | AAV19: 10640.719 | AAW19: 13106.969 | AAX19: 11480.006 | AAY19: 11330.695 | AAZ19: 12314.504 | ABA19: 9819.6125 | ABB19: 12260.758 | ABC19: 10776.753 | ABD19: 13820.523 | ABE19: 13834.783 | ABF19: 10173.791 | ABG19: 9497.7447 | ABH19: 9460.1968 | ABI19: 12619.671 | ABJ19: 11356.275 | ABK19: 11676.48 | ABL19: 12512.724 | ABM19: 13428.928 | ABN19: 14530.908 | ABO19: 11258.057 | ABP19: 11304.196 | ABQ19: 11005.82 | ABR19: 11643.13 | ABS19: 12222.208 | ABT19: 13529.292 | ABU19: 8192.8316 | ABV19: 10039.339 | ABW19: 11540.082 | ABX19: 12400.093 | ABY19: 10776.512 | ABZ19: 12257.267 | ACA19: 11055.652 | ACB19: 11489.729 | ACC19: 12181.308 | ACD19: 12097.339 | ACE19: 10087.471 | ACF19: 12119.473 | ACG19: 11479.114 | ACH19: 11474.824 | ACI19: 11635.434 | ACJ19: 11942.168 | ACK19: 9694.0965 | ACL19: 11707.15 | ACM19: 9109.214 | ACN19: 11194.628 | ACO19: 11781.795 | ACP19: 10794.456 | ACQ19: 9460.2159 | ACR19: 10971.907 | ACS19: 10498.109 | ACT19: 10066.06 | ACU19: 11217.353 | ACV19: 10624.184 | ACW19: 11549.927 | ACX19: 11984.239 | ACY19: 10431.272 | ACZ19: 9434.6948 | ADA19: 13825.011 | ADB19: 12433.591 | ADC19: 13133.973 | ADD19: 11169.774 | ADE19: 11542.269 | ADF19: 10613.925 | ADG19: 11197.341 | ADH19: 12509.116 | ADI19: 10687.035 | ADJ19: 11908.185 | ADK19: 10937.272 | ADL19: 11511.846 | ADM19: 10266.258 | ADN19: 11414.417 | ADO19: 11336.352 | ADP19: 11093.867 | ADQ19: 10203.287 | ADR19: 11552.454 | ADS19: 11390.645 | ADT19: 11557.607 | ADU19: 12026.014 | ADV19: 9085.155 | ADW19: 11310.912 | ADX19: 12727.12 | ADY19: 11258.366 | ADZ19: 12167.654 | AEA19: 10829.281 | AEB19: 12511.007 | AEC19: 10286.814 | AED19: 11071.513 | AEE19: 12888.059 | AEF19: 10567.744 | AEG19: 11285.99 | AEH19: 11666.961 | AEI19: 12824.593 | AEJ19: 13808.275 | AEK19: 12225.563 | AEL19: 13356.468 | AEM19: 11979.686 | AEN19: 11405.204 | AEO19: 10236.865 | AEP19: 10413.219 | AEQ19: 11342.332 | AER19: 10746.884 | AES19: 11111.451 | AET19: 9831.6282 | AEU19: 11667.847 | AEV19: 11090.025 | AEW19: 12995.187 | AEX19: 10529.983 | AEY19: 12999.121 | AEZ19: 10633.957 | AFA19: 12538.761 | AFB19: 11146.519 | AFC19: 10689.008 | AFD19: 9773.6017 | AFE19: 9714.1003 | AFF19: 10414.931 | AFG19: 10074.26 | AFH19: 11595.35 | AFI19: 10532.527 | AFJ19: 11580.25 | AFK19: 12313.327 | AFL19: 10489.78 | AFM19: 10838.795 | AFN19: 11852.452 | AFO19: 10932.701 | AFP19: 10650.504 | AFQ19: 12437.339 | AFR19: 11425.174 | AFS19: 11774.517 | AFT19: 12337.178 | AFU19: 12256.786 | AFV19: 10810.513 | AFW19: 12150.606 | AFX19: 9235.4594 | AFY19: 10549.325 | AFZ19: 11612.716 | AGA19: 12023.311 | AGB19: 12463.705 | AGC19: 12123.001 | AGD19: 10141.183 | AGE19: 13751.692 | AGF19: 10641.948 | AGG19: 11152.585 | AGH19: 10944.294 | AGI19: 10946.245 | AGJ19: 12753.361 | AGK19: 11528.462 | AGL19: 10448.147 | AGM19: 12030.612 | AGN19: 9214.3368 | AGO19: 11545.309 | AGP19: 9878.3466 | AGQ19: 9683.0221 | AGR19: 11515.563 | AGS19: 10609.347 | AGT19: 11000.139 | AGU19: 10679.469 | AGV19: 12377.029 | AGW19: 13237.466 | AGX19: 12171.042 | AGY19: 12636.174 | AGZ19: 11485.87 | AHA19: 10764.539 | AHB19: 10265.323 | AHC19: 11454.241 | AHD19: 14040.943 | AHE19: 11006.393 | AHF19: 12961.395 | AHG19: 11197.802 | AHH19: 10043.19 | AHI19: 10439.193 | AHJ19: 10928.926 | AHK19: 9373.6875 | AHL19: 11344.972 | AHM19: 12519.78 | AHN19: 14216.228 | AHO19: 10420.048 | AHP19: 11762.418 | AHQ19: 10971.703 | AHR19: 11168.035 | AHS19: 9947.3799 | AHT19: 11281.642 | AHU19: 11577.538 | AHV19: 11946.381 | AHW19: 11935.33 | AHX19: 9828.9932 | AHY19: 11571.327 | AHZ19: 11511.64 | AIA19: 11932.154 | AIB19: 13458.945 | AIC19: 12419.806 | AID19: 11970.517 | AIE19: 13542.23 | AIF19: 10208.436 | AIG19: 10591.118 | AIH19: 11390.451 | AII19: 11185.671 | AIJ19: 10359.661 | AIK19: 11330.9 | AIL19: 11221.165 | AIM19: 10009.877 | AIN19: 11341.254 | AIO19: 10446.671 | AIP19: 10373.424 | AIQ19: 12612.26 | AIR19: 12998.845 | AIS19: 10057.709 | AIT19: 11264.143 | AIU19: 9755.4005 | AIV19: 13114.405 | AIW19: 11703.907 | AIX19: 10836.263 | AIY19: 11111.514 | AIZ19: 10061.344 | AJA19: 13345.124 | AJB19: 11435.587 | AJC19: 11587.295 | AJD19: 13270.085 | AJE19: 10880.295 | AJF19: 10243.484 | AJG19: 9308.6649 | AJH19: 11426.247 | AJI19: 11469.764 | AJJ19: 11640.938 | AJK19: 10616.824 | AJL19: 11779.307 | AJM19: 12883.424 | AJN19: 10821.971 | AJO19: 11698.52 | AJP19: 10411.264 | AJQ19: 11009.312 | AJR19: 9207.7117 | AJS19: 11303.719 | AJT19: 10440.376 | AJU19: 10124.243 | AJV19: 10878.622 | AJW19: 10229.927 | AJX19: 11299.496 | AJY19: 10311.478 | AJZ19: 12672.973 | AKA19: 8761.6256 | AKB19: 11157.29 | AKC19: 11839.907 | AKD19: 13150.044 | AKE19: 11102.255 | AKF19: 11152.109 | AKG19: 10731.418 | AKH19: 9855.2927 | AKI19: 11195.541 | AKJ19: 12269.181 | AKK19: 9386.158 | AKL19: 9679.7882 | AKM19: 11048.746 | AKN19: 10199.035 | AKO19: 10650.374 | AKP19: 11100.561 | AKQ19: 11586.5 | AKR19: 10972.399 | AKS19: 8529.2244 | AKT19: 11103.738 | AKU19: 9084.5938 | AKV19: 11169.097 | AKW19: 10521.038 | AKX19: 12977.679 | AKY19: 10663.838 | AKZ19: 10273.487 | ALA19: 10920.948 | ALB19: 8920.396 | ALC19: 11318.949 | ALD19: 12590.602 | ALE19: 13967.786 | ALF19: 11884.607 | ALG19: 11542.024 | ALH19: 9830.746 | ALI19: 10320.948 | ALJ19: 12329.334 | ALK19: 12021.46 | ALL19: 12001.794 | ALM19: 11387.792
